fixture_id	dialect	profile	exact_release	calcite_version	parser_config	source_archive_url	sha512	git_tag	git_commit	source_url	heading	retrieval_date	category	expected_status	fixture_sha256	grammar_path	line_range	mode
flink-grammar.alter-catalog	flink	flink-2.3.0	flink-2.3.0	1.36.0	Lex.JAVA,identifierMaxLength=256,conformance=FlinkSqlConformance.DEFAULT	https://archive.apache.org/dist/flink/flink-2.3.0/flink-2.3.0-src.tgz	b189214e5b8b45c3f76bb296550f5ae49f711541d70ce2054787571dcbd026bf539b3b90ac902917523a6e894619c0df93210315f64bd0d6244c8328eb5d1cbd	release-2.3.0	c0f8d1a1e09f209885a88f9c19ceb9d9e9870283	https://archive.apache.org/dist/flink/flink-2.3.0/flink-2.3.0-src.tgz	SqlAlterCatalog	2026-08-07	positive	valid	8a1e7f4f38c0d59755b5aafad535b41e71857563e5c979c0d93f8fde889378bb	Parser.tdd:659 (SqlAlterCatalog)	659	strict+editor
flink-grammar.alter-function	flink	flink-2.3.0	flink-2.3.0	1.36.0	Lex.JAVA,identifierMaxLength=256,conformance=FlinkSqlConformance.DEFAULT	https://archive.apache.org/dist/flink/flink-2.3.0/flink-2.3.0-src.tgz	b189214e5b8b45c3f76bb296550f5ae49f711541d70ce2054787571dcbd026bf539b3b90ac902917523a6e894619c0df93210315f64bd0d6244c8328eb5d1cbd	release-2.3.0	c0f8d1a1e09f209885a88f9c19ceb9d9e9870283	https://archive.apache.org/dist/flink/flink-2.3.0/flink-2.3.0-src.tgz	SqlAlterFunction AS class LANGUAGE	2026-08-07	positive	valid	fe6ef4f65ec4f0d94b9ae51cbc2c0e22173fda1e0dd58e69ec29ecd0d4b05c89	Parser.tdd:665 (SqlAlterFunction AS class LANGUAGE)	665	strict+editor
flink-grammar.alter-view-as	flink	flink-2.3.0	flink-2.3.0	1.36.0	Lex.JAVA,identifierMaxLength=256,conformance=FlinkSqlConformance.DEFAULT	https://archive.apache.org/dist/flink/flink-2.3.0/flink-2.3.0-src.tgz	b189214e5b8b45c3f76bb296550f5ae49f711541d70ce2054787571dcbd026bf539b3b90ac902917523a6e894619c0df93210315f64bd0d6244c8328eb5d1cbd	release-2.3.0	c0f8d1a1e09f209885a88f9c19ceb9d9e9870283	https://archive.apache.org/dist/flink/flink-2.3.0/flink-2.3.0-src.tgz	SqlAlterView AS query	2026-08-07	positive	valid	fbd2f545058632182dd46934510a4b7ceba2aca86ce186c20424519312e685d5	Parser.tdd:692 (SqlAlterView AS query)	692	strict+editor
flink-grammar.alter-view-rename	flink	flink-2.3.0	flink-2.3.0	1.36.0	Lex.JAVA,identifierMaxLength=256,conformance=FlinkSqlConformance.DEFAULT	https://archive.apache.org/dist/flink/flink-2.3.0/flink-2.3.0-src.tgz	b189214e5b8b45c3f76bb296550f5ae49f711541d70ce2054787571dcbd026bf539b3b90ac902917523a6e894619c0df93210315f64bd0d6244c8328eb5d1cbd	release-2.3.0	c0f8d1a1e09f209885a88f9c19ceb9d9e9870283	https://archive.apache.org/dist/flink/flink-2.3.0/flink-2.3.0-src.tgz	SqlAlterView RENAME TO	2026-08-07	positive	valid	27f2f0a87821e6c1013bcd61e153ed652fb8a8a393f82cff29f9aced660c01fc	Parser.tdd:692 (SqlAlterView RENAME TO)	692	strict+editor
flink-grammar.analyze-buckets	flink	flink-2.3.0	flink-2.3.0	1.36.0	Lex.JAVA,identifierMaxLength=256,conformance=FlinkSqlConformance.DEFAULT	https://archive.apache.org/dist/flink/flink-2.3.0/flink-2.3.0-src.tgz	b189214e5b8b45c3f76bb296550f5ae49f711541d70ce2054787571dcbd026bf539b3b90ac902917523a6e894619c0df93210315f64bd0d6244c8328eb5d1cbd	release-2.3.0	c0f8d1a1e09f209885a88f9c19ceb9d9e9870283	https://archive.apache.org/dist/flink/flink-2.3.0/flink-2.3.0-src.tgz	Doris-only ANALYZE BUCKETS	2026-08-07	negative	error	e9b3166c4c323c56bcd6b256ade3f8a62939d93b453cf944af2594f6a89e64a5	D-04 gate: Doris-only ANALYZE BUCKETS	009	strict+editor
flink-grammar.analyze-table	flink	flink-2.3.0	flink-2.3.0	1.36.0	Lex.JAVA,identifierMaxLength=256,conformance=FlinkSqlConformance.DEFAULT	https://archive.apache.org/dist/flink/flink-2.3.0/flink-2.3.0-src.tgz	b189214e5b8b45c3f76bb296550f5ae49f711541d70ce2054787571dcbd026bf539b3b90ac902917523a6e894619c0df93210315f64bd0d6244c8328eb5d1cbd	release-2.3.0	c0f8d1a1e09f209885a88f9c19ceb9d9e9870283	https://archive.apache.org/dist/flink/flink-2.3.0/flink-2.3.0-src.tgz	SqlAnalyzeTable	2026-08-07	positive	valid	29f8fdcc04b7ab0ad8065451e9e5d4e92da6e5de22ea7ced7b9f2b2254228ac3	parserImpls.ftl:3413-3443 (SqlAnalyzeTable)	3413-3443	strict+editor
flink-grammar.array-ctor	flink	flink-2.3.0	flink-2.3.0	1.36.0	Lex.JAVA,identifierMaxLength=256,conformance=FlinkSqlConformance.DEFAULT	https://archive.apache.org/dist/flink/flink-2.3.0/flink-2.3.0-src.tgz	b189214e5b8b45c3f76bb296550f5ae49f711541d70ce2054787571dcbd026bf539b3b90ac902917523a6e894619c0df93210315f64bd0d6244c8328eb5d1cbd	release-2.3.0	c0f8d1a1e09f209885a88f9c19ceb9d9e9870283	https://archive.apache.org/dist/flink/flink-2.3.0/flink-2.3.0-src.tgz	SqlCollectionTypeNameSpec	2026-08-07	positive	valid	1d4bed9e72404e49fd55aad648f08ce661ff0c1d4bcdbc949c2c54b2447cd749	Parser-calcite-1.36.0.jj (SqlCollectionTypeNameSpec)	8793-8795	strict+editor
flink-grammar.cast-map-type	flink	flink-2.3.0	flink-2.3.0	1.36.0	Lex.JAVA,identifierMaxLength=256,conformance=FlinkSqlConformance.DEFAULT	https://archive.apache.org/dist/flink/flink-2.3.0/flink-2.3.0-src.tgz	b189214e5b8b45c3f76bb296550f5ae49f711541d70ce2054787571dcbd026bf539b3b90ac902917523a6e894619c0df93210315f64bd0d6244c8328eb5d1cbd	release-2.3.0	c0f8d1a1e09f209885a88f9c19ceb9d9e9870283	https://archive.apache.org/dist/flink/flink-2.3.0/flink-2.3.0-src.tgz	dataTypeParserMethods SqlMapTypeName	2026-08-07	positive	valid	01342568f6502a8da37361cda401ad5cb1ac1e3080b5de3f4d5e8af718e49b02	Parser.tdd:759-765 (dataTypeParserMethods SqlMapTypeName)	759-765	strict+editor
flink-grammar.cast-timestamp-ltz	flink	flink-2.3.0	flink-2.3.0	1.36.0	Lex.JAVA,identifierMaxLength=256,conformance=FlinkSqlConformance.DEFAULT	https://archive.apache.org/dist/flink/flink-2.3.0/flink-2.3.0-src.tgz	b189214e5b8b45c3f76bb296550f5ae49f711541d70ce2054787571dcbd026bf539b3b90ac902917523a6e894619c0df93210315f64bd0d6244c8328eb5d1cbd	release-2.3.0	c0f8d1a1e09f209885a88f9c19ceb9d9e9870283	https://archive.apache.org/dist/flink/flink-2.3.0/flink-2.3.0-src.tgz	dataTypeParserMethods SqlTimestampLtzTypeName	2026-08-07	positive	valid	faa66cbf773a1e01593b9ccbf465b8ab2473a069a4628d5bb2d67495d2afc9aa	Parser.tdd:759-765 (dataTypeParserMethods SqlTimestampLtzTypeName)	759-765	strict+editor
flink-grammar.create-catalog	flink	flink-2.3.0	flink-2.3.0	1.36.0	Lex.JAVA,identifierMaxLength=256,conformance=FlinkSqlConformance.DEFAULT	https://archive.apache.org/dist/flink/flink-2.3.0/flink-2.3.0-src.tgz	b189214e5b8b45c3f76bb296550f5ae49f711541d70ce2054787571dcbd026bf539b3b90ac902917523a6e894619c0df93210315f64bd0d6244c8328eb5d1cbd	release-2.3.0	c0f8d1a1e09f209885a88f9c19ceb9d9e9870283	https://archive.apache.org/dist/flink/flink-2.3.0/flink-2.3.0-src.tgz	SqlCreateCatalog	2026-08-07	catalog-prerequisite	valid	3c909dee30cf344b99e56ebf3c8bdfc40165fef5f77c07b74b3050ba3e2ecca7	parserImpls.ftl:142-188 (SqlCreateCatalog)	142-188	strict+editor
flink-grammar.create-catalog-incomplete	flink	flink-2.3.0	flink-2.3.0	1.36.0	Lex.JAVA,identifierMaxLength=256,conformance=FlinkSqlConformance.DEFAULT	https://archive.apache.org/dist/flink/flink-2.3.0/flink-2.3.0-src.tgz	b189214e5b8b45c3f76bb296550f5ae49f711541d70ce2054787571dcbd026bf539b3b90ac902917523a6e894619c0df93210315f64bd0d6244c8328eb5d1cbd	release-2.3.0	c0f8d1a1e09f209885a88f9c19ceb9d9e9870283	https://archive.apache.org/dist/flink/flink-2.3.0/flink-2.3.0-src.tgz	SqlCreateCatalog WITH Properties	2026-08-07	recovery	recovered	4f2cd3ff4d8b4fc8260e01fd956c0a00e02003373e93b23152e465822aa9844a	parserImpls.ftl:142-188 (SqlCreateCatalog WITH Properties)	142-188	strict+editor
flink-grammar.create-database	flink	flink-2.3.0	flink-2.3.0	1.36.0	Lex.JAVA,identifierMaxLength=256,conformance=FlinkSqlConformance.DEFAULT	https://archive.apache.org/dist/flink/flink-2.3.0/flink-2.3.0-src.tgz	b189214e5b8b45c3f76bb296550f5ae49f711541d70ce2054787571dcbd026bf539b3b90ac902917523a6e894619c0df93210315f64bd0d6244c8328eb5d1cbd	release-2.3.0	c0f8d1a1e09f209885a88f9c19ceb9d9e9870283	https://archive.apache.org/dist/flink/flink-2.3.0/flink-2.3.0-src.tgz	SqlCreateDatabase	2026-08-07	positive	valid	daff0aae305e54b9e46ecbc455b10f5909fb0e9dfba190807f5d41e91d3b43e6	parserImpls.ftl:301-372 (SqlCreateDatabase)	301-372	strict+editor
flink-grammar.create-function	flink	flink-2.3.0	flink-2.3.0	1.36.0	Lex.JAVA,identifierMaxLength=256,conformance=FlinkSqlConformance.DEFAULT	https://archive.apache.org/dist/flink/flink-2.3.0/flink-2.3.0-src.tgz	b189214e5b8b45c3f76bb296550f5ae49f711541d70ce2054787571dcbd026bf539b3b90ac902917523a6e894619c0df93210315f64bd0d6244c8328eb5d1cbd	release-2.3.0	c0f8d1a1e09f209885a88f9c19ceb9d9e9870283	https://archive.apache.org/dist/flink/flink-2.3.0/flink-2.3.0-src.tgz	SqlCreateFunction LANGUAGE	2026-08-07	catalog-prerequisite	valid	b213c03165bc9b019a9b3583313f9b61601882de4c696bae041d2e7e14d54373	parserImpls.ftl:390-480 (SqlCreateFunction LANGUAGE)	390-480	strict+editor
flink-grammar.create-function-incomplete	flink	flink-2.3.0	flink-2.3.0	1.36.0	Lex.JAVA,identifierMaxLength=256,conformance=FlinkSqlConformance.DEFAULT	https://archive.apache.org/dist/flink/flink-2.3.0/flink-2.3.0-src.tgz	b189214e5b8b45c3f76bb296550f5ae49f711541d70ce2054787571dcbd026bf539b3b90ac902917523a6e894619c0df93210315f64bd0d6244c8328eb5d1cbd	release-2.3.0	c0f8d1a1e09f209885a88f9c19ceb9d9e9870283	https://archive.apache.org/dist/flink/flink-2.3.0/flink-2.3.0-src.tgz	SqlCreateFunction missing class string	2026-08-07	recovery	recovered	ad65429f920762fd5118b2c599d09d8055e2b10ba964ba0a73a6f78f4abae10c	parserImpls.ftl:390-480 (SqlCreateFunction missing class string)	390-480	strict+editor
flink-grammar.create-function-python	flink	flink-2.3.0	flink-2.3.0	1.36.0	Lex.JAVA,identifierMaxLength=256,conformance=FlinkSqlConformance.DEFAULT	https://archive.apache.org/dist/flink/flink-2.3.0/flink-2.3.0-src.tgz	b189214e5b8b45c3f76bb296550f5ae49f711541d70ce2054787571dcbd026bf539b3b90ac902917523a6e894619c0df93210315f64bd0d6244c8328eb5d1cbd	release-2.3.0	c0f8d1a1e09f209885a88f9c19ceb9d9e9870283	https://archive.apache.org/dist/flink/flink-2.3.0/flink-2.3.0-src.tgz	SqlCreateFunction TEMPORARY SYSTEM LANGUAGE PYTHON	2026-08-07	catalog-prerequisite	valid	3cf8f78a592292fb2413a3a664e5b801312bebef74c62dfd9c1943f7e67ad927	parserImpls.ftl:390-480 (SqlCreateFunction TEMPORARY SYSTEM LANGUAGE PYTHON)	390-480	strict+editor
flink-grammar.create-table-as	flink	flink-2.3.0	flink-2.3.0	1.36.0	Lex.JAVA,identifierMaxLength=256,conformance=FlinkSqlConformance.DEFAULT	https://archive.apache.org/dist/flink/flink-2.3.0/flink-2.3.0-src.tgz	b189214e5b8b45c3f76bb296550f5ae49f711541d70ce2054787571dcbd026bf539b3b90ac902917523a6e894619c0df93210315f64bd0d6244c8328eb5d1cbd	release-2.3.0	c0f8d1a1e09f209885a88f9c19ceb9d9e9870283	https://archive.apache.org/dist/flink/flink-2.3.0/flink-2.3.0-src.tgz	SqlCreateTableAs	2026-08-07	positive	valid	3dc5b3c4c0ae324f0683f3af4b17f404648bacce888631c562e033897176f5e3	parserImpls.ftl:1650-1690 (SqlCreateTableAs)	1650-1690	strict+editor
flink-grammar.create-table-columns	flink	flink-2.3.0	flink-2.3.0	1.36.0	Lex.JAVA,identifierMaxLength=256,conformance=FlinkSqlConformance.DEFAULT	https://archive.apache.org/dist/flink/flink-2.3.0/flink-2.3.0-src.tgz	b189214e5b8b45c3f76bb296550f5ae49f711541d70ce2054787571dcbd026bf539b3b90ac902917523a6e894619c0df93210315f64bd0d6244c8328eb5d1cbd	release-2.3.0	c0f8d1a1e09f209885a88f9c19ceb9d9e9870283	https://archive.apache.org/dist/flink/flink-2.3.0/flink-2.3.0-src.tgz	TableColumn	2026-08-07	positive	valid	e7491671adc184611cc9d6488e6aacc9e57160296d06570e8b772f3a84c86f6a	parserImpls.ftl:1103-1145 (TableColumn), :1150-1210 (Computed/Metadata), :1432-1504 (UniqueSpec), :1121-1140 (Watermark)	1103-1504	strict+editor
flink-grammar.create-table-doris-engine	flink	flink-2.3.0	flink-2.3.0	1.36.0	Lex.JAVA,identifierMaxLength=256,conformance=FlinkSqlConformance.DEFAULT	https://archive.apache.org/dist/flink/flink-2.3.0/flink-2.3.0-src.tgz	b189214e5b8b45c3f76bb296550f5ae49f711541d70ce2054787571dcbd026bf539b3b90ac902917523a6e894619c0df93210315f64bd0d6244c8328eb5d1cbd	release-2.3.0	c0f8d1a1e09f209885a88f9c19ceb9d9e9870283	https://archive.apache.org/dist/flink/flink-2.3.0/flink-2.3.0-src.tgz	Doris-only ENGINE = under Flink	2026-08-07	negative	error	f6c91e9461f62dd67fa284f7a9c45b1bd994f0f12ee9c15d3026bd4471f9c10b	D-04 gate: Doris-only ENGINE = under Flink	009	strict+editor
flink-grammar.create-table-doris-key	flink	flink-2.3.0	flink-2.3.0	1.36.0	Lex.JAVA,identifierMaxLength=256,conformance=FlinkSqlConformance.DEFAULT	https://archive.apache.org/dist/flink/flink-2.3.0/flink-2.3.0-src.tgz	b189214e5b8b45c3f76bb296550f5ae49f711541d70ce2054787571dcbd026bf539b3b90ac902917523a6e894619c0df93210315f64bd0d6244c8328eb5d1cbd	release-2.3.0	c0f8d1a1e09f209885a88f9c19ceb9d9e9870283	https://archive.apache.org/dist/flink/flink-2.3.0/flink-2.3.0-src.tgz	Doris-only DUPLICATE KEY under Flink	2026-08-07	negative	error	0a7d1b0f6a5c63590d523c4d53829fd97b3c1c495d16af66df65760a65a0a11d	D-04 gate: Doris-only DUPLICATE KEY under Flink (parser.mbt parse_create_table key clause)	009	strict+editor
flink-grammar.create-table-doris-properties	flink	flink-2.3.0	flink-2.3.0	1.36.0	Lex.JAVA,identifierMaxLength=256,conformance=FlinkSqlConformance.DEFAULT	https://archive.apache.org/dist/flink/flink-2.3.0/flink-2.3.0-src.tgz	b189214e5b8b45c3f76bb296550f5ae49f711541d70ce2054787571dcbd026bf539b3b90ac902917523a6e894619c0df93210315f64bd0d6244c8328eb5d1cbd	release-2.3.0	c0f8d1a1e09f209885a88f9c19ceb9d9e9870283	https://archive.apache.org/dist/flink/flink-2.3.0/flink-2.3.0-src.tgz	Doris-only PROPERTIES under Flink	2026-08-07	negative	error	b1078ab63197d014c7c9c647856f3bedfcfab331ecdb050caa905857a39dbcc0	D-04 gate: Doris-only PROPERTIES under Flink	009	strict+editor
flink-grammar.create-table-full-clauses	flink	flink-2.3.0	flink-2.3.0	1.36.0	Lex.JAVA,identifierMaxLength=256,conformance=FlinkSqlConformance.DEFAULT	https://archive.apache.org/dist/flink/flink-2.3.0/flink-2.3.0-src.tgz	b189214e5b8b45c3f76bb296550f5ae49f711541d70ce2054787571dcbd026bf539b3b90ac902917523a6e894619c0df93210315f64bd0d6244c8328eb5d1cbd	release-2.3.0	c0f8d1a1e09f209885a88f9c19ceb9d9e9870283	https://archive.apache.org/dist/flink/flink-2.3.0/flink-2.3.0-src.tgz	SqlCreateTable clause order	2026-08-07	positive	valid	685f85a9c2e1ea24d6014b7976df179fecf911072f6852e6d6f60c47b00762c6	parserImpls.ftl:1585-1712 (SqlCreateTable clause order), :1560-1600 (SqlDistribution)	1585-1712	strict+editor
flink-grammar.create-table-incomplete-col	flink	flink-2.3.0	flink-2.3.0	1.36.0	Lex.JAVA,identifierMaxLength=256,conformance=FlinkSqlConformance.DEFAULT	https://archive.apache.org/dist/flink/flink-2.3.0/flink-2.3.0-src.tgz	b189214e5b8b45c3f76bb296550f5ae49f711541d70ce2054787571dcbd026bf539b3b90ac902917523a6e894619c0df93210315f64bd0d6244c8328eb5d1cbd	release-2.3.0	c0f8d1a1e09f209885a88f9c19ceb9d9e9870283	https://archive.apache.org/dist/flink/flink-2.3.0/flink-2.3.0-src.tgz	TableColumn unclosed body	2026-08-07	recovery	recovered	fffdafb04a1491ab84296eff0142723ea8692270f7858c2314750eced091fcc2	parserImpls.ftl:1103-1145 (TableColumn unclosed body)	1103-1145	strict+editor
flink-grammar.create-table-incomplete-wm	flink	flink-2.3.0	flink-2.3.0	1.36.0	Lex.JAVA,identifierMaxLength=256,conformance=FlinkSqlConformance.DEFAULT	https://archive.apache.org/dist/flink/flink-2.3.0/flink-2.3.0-src.tgz	b189214e5b8b45c3f76bb296550f5ae49f711541d70ce2054787571dcbd026bf539b3b90ac902917523a6e894619c0df93210315f64bd0d6244c8328eb5d1cbd	release-2.3.0	c0f8d1a1e09f209885a88f9c19ceb9d9e9870283	https://archive.apache.org/dist/flink/flink-2.3.0/flink-2.3.0-src.tgz	Watermark missing AS expr	2026-08-07	recovery	recovered	3e6afc1ea80e083c0e44e6c9a1ca7d0de89736c8e47b5a13b54833c90dfafa97	parserImpls.ftl:1121-1140 (Watermark missing AS expr)	1121-1140	strict+editor
flink-grammar.create-table-like	flink	flink-2.3.0	flink-2.3.0	1.36.0	Lex.JAVA,identifierMaxLength=256,conformance=FlinkSqlConformance.DEFAULT	https://archive.apache.org/dist/flink/flink-2.3.0/flink-2.3.0-src.tgz	b189214e5b8b45c3f76bb296550f5ae49f711541d70ce2054787571dcbd026bf539b3b90ac902917523a6e894619c0df93210315f64bd0d6244c8328eb5d1cbd	release-2.3.0	c0f8d1a1e09f209885a88f9c19ceb9d9e9870283	https://archive.apache.org/dist/flink/flink-2.3.0/flink-2.3.0-src.tgz	SqlTableLike feature list	2026-08-07	positive	valid	aa7806979e41f552b6f999983e7eddd30553fb706d315a4b861373b1fa861ae2	parserImpls.ftl:1714-1790 (SqlTableLike feature list)	1714-1790	strict+editor
flink-grammar.create-table-negative-buckets	flink	flink-2.3.0	flink-2.3.0	1.36.0	Lex.JAVA,identifierMaxLength=256,conformance=FlinkSqlConformance.DEFAULT	https://archive.apache.org/dist/flink/flink-2.3.0/flink-2.3.0-src.tgz	b189214e5b8b45c3f76bb296550f5ae49f711541d70ce2054787571dcbd026bf539b3b90ac902917523a6e894619c0df93210315f64bd0d6244c8328eb5d1cbd	release-2.3.0	c0f8d1a1e09f209885a88f9c19ceb9d9e9870283	https://archive.apache.org/dist/flink/flink-2.3.0/flink-2.3.0-src.tgz	IntoBuckets positive integer	2026-08-07	negative	error	bcec36187e9e4a8049e31a730dac31bfaa158392eedf396decdb6ef0d8b38f1a	parserImpls.ftl:1556-1570 (IntoBuckets positive integer)	1556-1570	strict+editor
flink-grammar.create-table-pk-enforced	flink	flink-2.3.0	flink-2.3.0	1.36.0	Lex.JAVA,identifierMaxLength=256,conformance=FlinkSqlConformance.DEFAULT	https://archive.apache.org/dist/flink/flink-2.3.0/flink-2.3.0-src.tgz	b189214e5b8b45c3f76bb296550f5ae49f711541d70ce2054787571dcbd026bf539b3b90ac902917523a6e894619c0df93210315f64bd0d6244c8328eb5d1cbd	release-2.3.0	c0f8d1a1e09f209885a88f9c19ceb9d9e9870283	https://archive.apache.org/dist/flink/flink-2.3.0/flink-2.3.0-src.tgz	ConstraintEnforcement bare ENFORCED	2026-08-07	negative	error	bab22751c619f7974b4cda79e3c0ca0ecd9b70cb3acb53f059c1d2f03189885f	parserImpls.ftl:1432-1504 (ConstraintEnforcement bare ENFORCED)	1432-1504	strict+editor
flink-grammar.create-table-random-distribution	flink	flink-2.3.0	flink-2.3.0	1.36.0	Lex.JAVA,identifierMaxLength=256,conformance=FlinkSqlConformance.DEFAULT	https://archive.apache.org/dist/flink/flink-2.3.0/flink-2.3.0-src.tgz	b189214e5b8b45c3f76bb296550f5ae49f711541d70ce2054787571dcbd026bf539b3b90ac902917523a6e894619c0df93210315f64bd0d6244c8328eb5d1cbd	release-2.3.0	c0f8d1a1e09f209885a88f9c19ceb9d9e9870283	https://archive.apache.org/dist/flink/flink-2.3.0/flink-2.3.0-src.tgz	SqlDistribution testCreateTableWithRandomDistribution .fails	2026-08-07	negative	error	03ec1b84fdba2e591eeef40c22ef742240768403c1d453ae46ab6ad338ba86a4	parserImpls.ftl:1560-1600 (SqlDistribution testCreateTableWithRandomDistribution .fails)	1560-1600	strict+editor
flink-grammar.create-table-trailing-comma	flink	flink-2.3.0	flink-2.3.0	1.36.0	Lex.JAVA,identifierMaxLength=256,conformance=FlinkSqlConformance.DEFAULT	https://archive.apache.org/dist/flink/flink-2.3.0/flink-2.3.0-src.tgz	b189214e5b8b45c3f76bb296550f5ae49f711541d70ce2054787571dcbd026bf539b3b90ac902917523a6e894619c0df93210315f64bd0d6244c8328eb5d1cbd	release-2.3.0	c0f8d1a1e09f209885a88f9c19ceb9d9e9870283	https://archive.apache.org/dist/flink/flink-2.3.0/flink-2.3.0-src.tgz	TableColumnsOrIdentifiers trailing comma	2026-08-07	negative	error	d31d815f07d08ec441605f5a011cf053f05eda390775073eea5d15c7bd1832be	parserImpls.ftl:1794-1830 (TableColumnsOrIdentifiers trailing comma)	1794-1830	strict+editor
flink-grammar.create-table-typed-column	flink	flink-2.3.0	flink-2.3.0	1.36.0	Lex.JAVA,identifierMaxLength=256,conformance=FlinkSqlConformance.DEFAULT	https://archive.apache.org/dist/flink/flink-2.3.0/flink-2.3.0-src.tgz	b189214e5b8b45c3f76bb296550f5ae49f711541d70ce2054787571dcbd026bf539b3b90ac902917523a6e894619c0df93210315f64bd0d6244c8328eb5d1cbd	release-2.3.0	c0f8d1a1e09f209885a88f9c19ceb9d9e9870283	https://archive.apache.org/dist/flink/flink-2.3.0/flink-2.3.0-src.tgz	TypedColumn	2026-08-07	positive	valid	7506106dad9bd7e8bf3cbd8f07ea199f34326f63782436aa31cb8d86cfeb31f6	parserImpls.ftl:1146-1130 (TypedColumn)	1146-1130	strict+editor
flink-grammar.create-table-watermark-second	flink	flink-2.3.0	flink-2.3.0	1.36.0	Lex.JAVA,identifierMaxLength=256,conformance=FlinkSqlConformance.DEFAULT	https://archive.apache.org/dist/flink/flink-2.3.0/flink-2.3.0-src.tgz	b189214e5b8b45c3f76bb296550f5ae49f711541d70ce2054787571dcbd026bf539b3b90ac902917523a6e894619c0df93210315f64bd0d6244c8328eb5d1cbd	release-2.3.0	c0f8d1a1e09f209885a88f9c19ceb9d9e9870283	https://archive.apache.org/dist/flink/flink-2.3.0/flink-2.3.0-src.tgz	Watermark multipleWatermarksUnsupported	2026-08-07	negative	error	e03969bbe8acd2e2065af711615838a93accabf2e2184eeea810b385cd53ddb6	parserImpls.ftl:1121-1140 (Watermark multipleWatermarksUnsupported)	1121-1140	strict+editor
flink-grammar.create-table-with-as	flink	flink-2.3.0	flink-2.3.0	1.36.0	Lex.JAVA,identifierMaxLength=256,conformance=FlinkSqlConformance.DEFAULT	https://archive.apache.org/dist/flink/flink-2.3.0/flink-2.3.0-src.tgz	b189214e5b8b45c3f76bb296550f5ae49f711541d70ce2054787571dcbd026bf539b3b90ac902917523a6e894619c0df93210315f64bd0d6244c8328eb5d1cbd	release-2.3.0	c0f8d1a1e09f209885a88f9c19ceb9d9e9870283	https://archive.apache.org/dist/flink/flink-2.3.0/flink-2.3.0-src.tgz	Properties	2026-08-07	positive	valid	6545ffff839c5f22c46a2d7c467b7e75a17c1f40e4bf7968467166d47a0e844c	parserImpls.ftl:1506-1556 (Properties) + :1650-1690 (WITH-before-AS CTAS)	1506-1690	strict+editor
flink-grammar.create-view	flink	flink-2.3.0	flink-2.3.0	1.36.0	Lex.JAVA,identifierMaxLength=256,conformance=FlinkSqlConformance.DEFAULT	https://archive.apache.org/dist/flink/flink-2.3.0/flink-2.3.0-src.tgz	b189214e5b8b45c3f76bb296550f5ae49f711541d70ce2054787571dcbd026bf539b3b90ac902917523a6e894619c0df93210315f64bd0d6244c8328eb5d1cbd	release-2.3.0	c0f8d1a1e09f209885a88f9c19ceb9d9e9870283	https://archive.apache.org/dist/flink/flink-2.3.0/flink-2.3.0-src.tgz	SqlCreateView	2026-08-07	positive	valid	3968414113c6172891f0c2e21c35b55f2de3197c0025bc4cf0eb6a7247a6b48e	parserImpls.ftl:2414-2439 (SqlCreateView)	2414-2439	strict+editor
flink-grammar.create-view-field-list	flink	flink-2.3.0	flink-2.3.0	1.36.0	Lex.JAVA,identifierMaxLength=256,conformance=FlinkSqlConformance.DEFAULT	https://archive.apache.org/dist/flink/flink-2.3.0/flink-2.3.0-src.tgz	b189214e5b8b45c3f76bb296550f5ae49f711541d70ce2054787571dcbd026bf539b3b90ac902917523a6e894619c0df93210315f64bd0d6244c8328eb5d1cbd	release-2.3.0	c0f8d1a1e09f209885a88f9c19ceb9d9e9870283	https://archive.apache.org/dist/flink/flink-2.3.0/flink-2.3.0-src.tgz	SqlCreateView field list	2026-08-07	positive	valid	9005a98725e47860cb98035b7c20268f3e26020bb364186d785b6e5611975e24	parserImpls.ftl:2414-2439 (SqlCreateView field list)	2414-2439	strict+editor
flink-grammar.create-view-incomplete	flink	flink-2.3.0	flink-2.3.0	1.36.0	Lex.JAVA,identifierMaxLength=256,conformance=FlinkSqlConformance.DEFAULT	https://archive.apache.org/dist/flink/flink-2.3.0/flink-2.3.0-src.tgz	b189214e5b8b45c3f76bb296550f5ae49f711541d70ce2054787571dcbd026bf539b3b90ac902917523a6e894619c0df93210315f64bd0d6244c8328eb5d1cbd	release-2.3.0	c0f8d1a1e09f209885a88f9c19ceb9d9e9870283	https://archive.apache.org/dist/flink/flink-2.3.0/flink-2.3.0-src.tgz	SqlCreateView missing AS query	2026-08-07	recovery	recovered	f1946d84840067dd92535d36811bada14d504e6adf669231fcd65ba29adfa90b	parserImpls.ftl:2414-2439 (SqlCreateView missing AS query)	2414-2439	strict+editor
flink-grammar.delete-incomplete	flink	flink-2.3.0	flink-2.3.0	1.36.0	Lex.JAVA,identifierMaxLength=256,conformance=FlinkSqlConformance.DEFAULT	https://archive.apache.org/dist/flink/flink-2.3.0/flink-2.3.0-src.tgz	b189214e5b8b45c3f76bb296550f5ae49f711541d70ce2054787571dcbd026bf539b3b90ac902917523a6e894619c0df93210315f64bd0d6244c8328eb5d1cbd	release-2.3.0	c0f8d1a1e09f209885a88f9c19ceb9d9e9870283	https://archive.apache.org/dist/flink/flink-2.3.0/flink-2.3.0-src.tgz	SqlDelete WHERE	2026-08-07	recovery	recovered	8b6fa0ac1b4079ba118dd656046473a6a651bfefa4d8a399085839cf72d0be7c	Parser-calcite-1.36.0.jj:1768-1789 (SqlDelete WHERE)	1768-1789	strict+editor
flink-grammar.delete-partition	flink	flink-2.3.0	flink-2.3.0	1.36.0	Lex.JAVA,identifierMaxLength=256,conformance=FlinkSqlConformance.DEFAULT	https://archive.apache.org/dist/flink/flink-2.3.0/flink-2.3.0-src.tgz	b189214e5b8b45c3f76bb296550f5ae49f711541d70ce2054787571dcbd026bf539b3b90ac902917523a6e894619c0df93210315f64bd0d6244c8328eb5d1cbd	release-2.3.0	c0f8d1a1e09f209885a88f9c19ceb9d9e9870283	https://archive.apache.org/dist/flink/flink-2.3.0/flink-2.3.0-src.tgz	Doris-only DELETE PARTITION	2026-08-07	negative	error	14d638102e7c25fe1221ffed85b2db233d3ac113ac1932c4a5db7d43324db487	D-04 gate: Doris-only DELETE PARTITION (parser.mbt parse_delete)	009	strict+editor
flink-grammar.delete-where	flink	flink-2.3.0	flink-2.3.0	1.36.0	Lex.JAVA,identifierMaxLength=256,conformance=FlinkSqlConformance.DEFAULT	https://archive.apache.org/dist/flink/flink-2.3.0/flink-2.3.0-src.tgz	b189214e5b8b45c3f76bb296550f5ae49f711541d70ce2054787571dcbd026bf539b3b90ac902917523a6e894619c0df93210315f64bd0d6244c8328eb5d1cbd	release-2.3.0	c0f8d1a1e09f209885a88f9c19ceb9d9e9870283	https://archive.apache.org/dist/flink/flink-2.3.0/flink-2.3.0-src.tgz	SqlDelete	2026-08-07	positive	valid	6c64ec263f10991dcdc669465189a49c35e392e6964000eda47d044336e09977	Parser-calcite-1.36.0.jj:1768-1789 (SqlDelete)	1768-1789	strict+editor
flink-grammar.describe-extended-database	flink	flink-2.3.0	flink-2.3.0	1.36.0	Lex.JAVA,identifierMaxLength=256,conformance=FlinkSqlConformance.DEFAULT	https://archive.apache.org/dist/flink/flink-2.3.0/flink-2.3.0-src.tgz	b189214e5b8b45c3f76bb296550f5ae49f711541d70ce2054787571dcbd026bf539b3b90ac902917523a6e894619c0df93210315f64bd0d6244c8328eb5d1cbd	release-2.3.0	c0f8d1a1e09f209885a88f9c19ceb9d9e9870283	https://archive.apache.org/dist/flink/flink-2.3.0/flink-2.3.0-src.tgz	SqlRichDescribeTable	2026-08-07	positive	valid	d262210d8b8a11417382bbfb78b37e3fc0ce09b3a86efb3865abc7964be534ab	parserImpls.ftl:867-880 (SqlRichDescribeTable)	867-880	strict+editor
flink-grammar.describe-table	flink	flink-2.3.0	flink-2.3.0	1.36.0	Lex.JAVA,identifierMaxLength=256,conformance=FlinkSqlConformance.DEFAULT	https://archive.apache.org/dist/flink/flink-2.3.0/flink-2.3.0-src.tgz	b189214e5b8b45c3f76bb296550f5ae49f711541d70ce2054787571dcbd026bf539b3b90ac902917523a6e894619c0df93210315f64bd0d6244c8328eb5d1cbd	release-2.3.0	c0f8d1a1e09f209885a88f9c19ceb9d9e9870283	https://archive.apache.org/dist/flink/flink-2.3.0/flink-2.3.0-src.tgz	SqlRichDescribeTable	2026-08-07	positive	valid	c53ff610281bef3306c5e01190110f6a92e2bd9f818f794a25bbc0e9b1e0fb5d	parserImpls.ftl:867-880 (SqlRichDescribeTable)	867-880	strict+editor
flink-grammar.drop-catalog	flink	flink-2.3.0	flink-2.3.0	1.36.0	Lex.JAVA,identifierMaxLength=256,conformance=FlinkSqlConformance.DEFAULT	https://archive.apache.org/dist/flink/flink-2.3.0/flink-2.3.0-src.tgz	b189214e5b8b45c3f76bb296550f5ae49f711541d70ce2054787571dcbd026bf539b3b90ac902917523a6e894619c0df93210315f64bd0d6244c8328eb5d1cbd	release-2.3.0	c0f8d1a1e09f209885a88f9c19ceb9d9e9870283	https://archive.apache.org/dist/flink/flink-2.3.0/flink-2.3.0-src.tgz	SqlDropCatalog	2026-08-07	positive	valid	a8bf7bd283513820d3b52f9ab9aaf0af484bf724d45e8dc47c1ed4a3b9ec5f8d	parserImpls.ftl:173-188 (SqlDropCatalog)	173-188	strict+editor
flink-grammar.drop-database	flink	flink-2.3.0	flink-2.3.0	1.36.0	Lex.JAVA,identifierMaxLength=256,conformance=FlinkSqlConformance.DEFAULT	https://archive.apache.org/dist/flink/flink-2.3.0/flink-2.3.0-src.tgz	b189214e5b8b45c3f76bb296550f5ae49f711541d70ce2054787571dcbd026bf539b3b90ac902917523a6e894619c0df93210315f64bd0d6244c8328eb5d1cbd	release-2.3.0	c0f8d1a1e09f209885a88f9c19ceb9d9e9870283	https://archive.apache.org/dist/flink/flink-2.3.0/flink-2.3.0-src.tgz	SqlDropDatabase	2026-08-07	positive	valid	84887f937fd4884369acd31383aa6b3a1ab80c2f2ad34e968b5bb5b68427274d	parserImpls.ftl:351-372 (SqlDropDatabase)	351-372	strict+editor
flink-grammar.drop-database-incomplete	flink	flink-2.3.0	flink-2.3.0	1.36.0	Lex.JAVA,identifierMaxLength=256,conformance=FlinkSqlConformance.DEFAULT	https://archive.apache.org/dist/flink/flink-2.3.0/flink-2.3.0-src.tgz	b189214e5b8b45c3f76bb296550f5ae49f711541d70ce2054787571dcbd026bf539b3b90ac902917523a6e894619c0df93210315f64bd0d6244c8328eb5d1cbd	release-2.3.0	c0f8d1a1e09f209885a88f9c19ceb9d9e9870283	https://archive.apache.org/dist/flink/flink-2.3.0/flink-2.3.0-src.tgz	SqlDropDatabase missing name	2026-08-07	recovery	recovered	3da9065492e7a95bf6f02c5f3bff04165e29004f38ca6f94a48e2ad2e7ecb514	parserImpls.ftl:351-372 (SqlDropDatabase missing name)	351-372	strict+editor
flink-grammar.drop-function	flink	flink-2.3.0	flink-2.3.0	1.36.0	Lex.JAVA,identifierMaxLength=256,conformance=FlinkSqlConformance.DEFAULT	https://archive.apache.org/dist/flink/flink-2.3.0/flink-2.3.0-src.tgz	b189214e5b8b45c3f76bb296550f5ae49f711541d70ce2054787571dcbd026bf539b3b90ac902917523a6e894619c0df93210315f64bd0d6244c8328eb5d1cbd	release-2.3.0	c0f8d1a1e09f209885a88f9c19ceb9d9e9870283	https://archive.apache.org/dist/flink/flink-2.3.0/flink-2.3.0-src.tgz	SqlDropFunction, statementParserMethods Parser.tdd:651-727	2026-08-07	positive	valid	81d4d62996cb5fb8011082470ccc4eddb293529b8b13a4cdb7313acd24f2f2df	parserImpls.ftl (SqlDropFunction, statementParserMethods Parser.tdd:651-727)	651-727	strict+editor
flink-grammar.drop-view	flink	flink-2.3.0	flink-2.3.0	1.36.0	Lex.JAVA,identifierMaxLength=256,conformance=FlinkSqlConformance.DEFAULT	https://archive.apache.org/dist/flink/flink-2.3.0/flink-2.3.0-src.tgz	b189214e5b8b45c3f76bb296550f5ae49f711541d70ce2054787571dcbd026bf539b3b90ac902917523a6e894619c0df93210315f64bd0d6244c8328eb5d1cbd	release-2.3.0	c0f8d1a1e09f209885a88f9c19ceb9d9e9870283	https://archive.apache.org/dist/flink/flink-2.3.0/flink-2.3.0-src.tgz	SqlDropView, statementParserMethods Parser.tdd:651-727	2026-08-07	positive	valid	de27870c9c59015cce64eed37d9af91bf1cd352f610e84d162c21a88bf74e82b	parserImpls.ftl (SqlDropView, statementParserMethods Parser.tdd:651-727)	651-727	strict+editor
flink-grammar.explain-plan-for	flink	flink-2.3.0	flink-2.3.0	1.36.0	Lex.JAVA,identifierMaxLength=256,conformance=FlinkSqlConformance.DEFAULT	https://archive.apache.org/dist/flink/flink-2.3.0/flink-2.3.0-src.tgz	b189214e5b8b45c3f76bb296550f5ae49f711541d70ce2054787571dcbd026bf539b3b90ac902917523a6e894619c0df93210315f64bd0d6244c8328eb5d1cbd	release-2.3.0	c0f8d1a1e09f209885a88f9c19ceb9d9e9870283	https://archive.apache.org/dist/flink/flink-2.3.0/flink-2.3.0-src.tgz	SqlRichExplain	2026-08-07	positive	valid	515844ff3cf6e3f0dd9ab4fb288f0cb1d07c8e50c8380ef5afb678632cbf3a3f	parserImpls.ftl:3079-3117 (SqlRichExplain)	3079-3117	strict+editor
flink-grammar.insert-columns-on-conflict	flink	flink-2.3.0	flink-2.3.0	1.36.0	Lex.JAVA,identifierMaxLength=256,conformance=FlinkSqlConformance.DEFAULT	https://archive.apache.org/dist/flink/flink-2.3.0/flink-2.3.0-src.tgz	b189214e5b8b45c3f76bb296550f5ae49f711541d70ce2054787571dcbd026bf539b3b90ac902917523a6e894619c0df93210315f64bd0d6244c8328eb5d1cbd	release-2.3.0	c0f8d1a1e09f209885a88f9c19ceb9d9e9870283	https://archive.apache.org/dist/flink/flink-2.3.0/flink-2.3.0-src.tgz	RichSqlInsert ON CONFLICT	2026-08-07	positive	valid	3b5ec8d6a9b477a81a3dd3d70ae14d29cd6c3d2eaed8a27ba331424a406d0358	parserImpls.ftl:2306-2379 (RichSqlInsert ON CONFLICT)	2306-2379	strict+editor
flink-grammar.insert-distributed	flink	flink-2.3.0	flink-2.3.0	1.36.0	Lex.JAVA,identifierMaxLength=256,conformance=FlinkSqlConformance.DEFAULT	https://archive.apache.org/dist/flink/flink-2.3.0/flink-2.3.0-src.tgz	b189214e5b8b45c3f76bb296550f5ae49f711541d70ce2054787571dcbd026bf539b3b90ac902917523a6e894619c0df93210315f64bd0d6244c8328eb5d1cbd	release-2.3.0	c0f8d1a1e09f209885a88f9c19ceb9d9e9870283	https://archive.apache.org/dist/flink/flink-2.3.0/flink-2.3.0-src.tgz	Doris-only DISTRIBUTED ... BUCKETS	2026-08-07	negative	error	63eadd2f8fda8ceb6deb4ad9008e4e1d037f289f6d223a9c923f6fb334f6bee9	D-04 gate: Doris-only DISTRIBUTED ... BUCKETS (parser.mbt parse_distribution_clause)	009	strict+editor
flink-grammar.insert-incomplete	flink	flink-2.3.0	flink-2.3.0	1.36.0	Lex.JAVA,identifierMaxLength=256,conformance=FlinkSqlConformance.DEFAULT	https://archive.apache.org/dist/flink/flink-2.3.0/flink-2.3.0-src.tgz	b189214e5b8b45c3f76bb296550f5ae49f711541d70ce2054787571dcbd026bf539b3b90ac902917523a6e894619c0df93210315f64bd0d6244c8328eb5d1cbd	release-2.3.0	c0f8d1a1e09f209885a88f9c19ceb9d9e9870283	https://archive.apache.org/dist/flink/flink-2.3.0/flink-2.3.0-src.tgz	RichSqlInsert column list	2026-08-07	recovery	recovered	c4814fec6197e12d72e424e06600c1366a5ef1ee168961a05f8eeeb4973754a4	parserImpls.ftl:2306-2379 (RichSqlInsert column list)	2306-2379	strict+editor
flink-grammar.insert-into-select	flink	flink-2.3.0	flink-2.3.0	1.36.0	Lex.JAVA,identifierMaxLength=256,conformance=FlinkSqlConformance.DEFAULT	https://archive.apache.org/dist/flink/flink-2.3.0/flink-2.3.0-src.tgz	b189214e5b8b45c3f76bb296550f5ae49f711541d70ce2054787571dcbd026bf539b3b90ac902917523a6e894619c0df93210315f64bd0d6244c8328eb5d1cbd	release-2.3.0	c0f8d1a1e09f209885a88f9c19ceb9d9e9870283	https://archive.apache.org/dist/flink/flink-2.3.0/flink-2.3.0-src.tgz	RichSqlInsert	2026-08-07	positive	valid	af821953d5a015f0e4b46e2f4c2264dd332a955042aba9983050fb9764d2b606	parserImpls.ftl:2306-2379 (RichSqlInsert)	2306-2379	strict+editor
flink-grammar.insert-overwrite-partition	flink	flink-2.3.0	flink-2.3.0	1.36.0	Lex.JAVA,identifierMaxLength=256,conformance=FlinkSqlConformance.DEFAULT	https://archive.apache.org/dist/flink/flink-2.3.0/flink-2.3.0-src.tgz	b189214e5b8b45c3f76bb296550f5ae49f711541d70ce2054787571dcbd026bf539b3b90ac902917523a6e894619c0df93210315f64bd0d6244c8328eb5d1cbd	release-2.3.0	c0f8d1a1e09f209885a88f9c19ceb9d9e9870283	https://archive.apache.org/dist/flink/flink-2.3.0/flink-2.3.0-src.tgz	RichSqlInsert	2026-08-07	positive	valid	f9f325103b8743a97e656399632d47b270cb82292a31a2e8965fb6d9a2404426	parserImpls.ftl:2306-2379 (RichSqlInsert)	2306-2379	strict+editor
flink-grammar.insert-recovery	flink	flink-2.3.0	flink-2.3.0	1.36.0	Lex.JAVA,identifierMaxLength=256,conformance=FlinkSqlConformance.DEFAULT	https://archive.apache.org/dist/flink/flink-2.3.0/flink-2.3.0-src.tgz	b189214e5b8b45c3f76bb296550f5ae49f711541d70ce2054787571dcbd026bf539b3b90ac902917523a6e894619c0df93210315f64bd0d6244c8328eb5d1cbd	release-2.3.0	c0f8d1a1e09f209885a88f9c19ceb9d9e9870283	https://archive.apache.org/dist/flink/flink-2.3.0/flink-2.3.0-src.tgz	RichSqlInsert is_flink_insert_boundary	2026-08-07	recovery	recovered	07a636a8b98d2496c35c466e59b4142918e6f7fccfec3656f839155f59d45681	parserImpls.ftl:2306-2379 (RichSqlInsert is_flink_insert_boundary)	2306-2379	strict+editor
flink-grammar.match-recognize-all-rows	flink	flink-2.3.0	flink-2.3.0	1.36.0	Lex.JAVA,identifierMaxLength=256,conformance=FlinkSqlConformance.DEFAULT	https://archive.apache.org/dist/flink/flink-2.3.0/flink-2.3.0-src.tgz	b189214e5b8b45c3f76bb296550f5ae49f711541d70ce2054787571dcbd026bf539b3b90ac902917523a6e894619c0df93210315f64bd0d6244c8328eb5d1cbd	release-2.3.0	c0f8d1a1e09f209885a88f9c19ceb9d9e9870283	https://archive.apache.org/dist/flink/flink-2.3.0/flink-2.3.0-src.tgz	MatchRecognize	2026-08-07	planner-prerequisite	valid	1e6f1d00fe098fcea38cf869bcac83e226cf00f4da2ed3d6a890a66df675d770	Parser-calcite-1.36.0.jj:3020 (MatchRecognize) (ALL ROWS PER MATCH + SKIP TO FIRST var)	3062-3346	strict+editor
flink-grammar.match-recognize-anchors	flink	flink-2.3.0	flink-2.3.0	1.36.0	Lex.JAVA,identifierMaxLength=256,conformance=FlinkSqlConformance.DEFAULT	https://archive.apache.org/dist/flink/flink-2.3.0/flink-2.3.0-src.tgz	b189214e5b8b45c3f76bb296550f5ae49f711541d70ce2054787571dcbd026bf539b3b90ac902917523a6e894619c0df93210315f64bd0d6244c8328eb5d1cbd	release-2.3.0	c0f8d1a1e09f209885a88f9c19ceb9d9e9870283	https://archive.apache.org/dist/flink/flink-2.3.0/flink-2.3.0-src.tgz	MatchRecognize	2026-08-07	planner-prerequisite	valid	a582569399f5b6f4eb7482e9330e3ac5895f1675f8d3af8f2a50530c865485ab	Parser-calcite-1.36.0.jj:3020 (MatchRecognize) (PATTERN (^ A $) strict anchors)	3062-3346	strict+editor
flink-grammar.match-recognize-empty-pattern	flink	flink-2.3.0	flink-2.3.0	1.36.0	Lex.JAVA,identifierMaxLength=256,conformance=FlinkSqlConformance.DEFAULT	https://archive.apache.org/dist/flink/flink-2.3.0/flink-2.3.0-src.tgz	b189214e5b8b45c3f76bb296550f5ae49f711541d70ce2054787571dcbd026bf539b3b90ac902917523a6e894619c0df93210315f64bd0d6244c8328eb5d1cbd	release-2.3.0	c0f8d1a1e09f209885a88f9c19ceb9d9e9870283	https://archive.apache.org/dist/flink/flink-2.3.0/flink-2.3.0-src.tgz	MatchRecognize	2026-08-07	negative	error	5eaab7916842e0186942a77f42db51b13215d5cd49a5a67ea2832363e0f47d42	Parser-calcite-1.36.0.jj:3020 (MatchRecognize) (negative: bare PATTERN ())	3062-3346	strict+editor
flink-grammar.match-recognize-exclude	flink	flink-2.3.0	flink-2.3.0	1.36.0	Lex.JAVA,identifierMaxLength=256,conformance=FlinkSqlConformance.DEFAULT	https://archive.apache.org/dist/flink/flink-2.3.0/flink-2.3.0-src.tgz	b189214e5b8b45c3f76bb296550f5ae49f711541d70ce2054787571dcbd026bf539b3b90ac902917523a6e894619c0df93210315f64bd0d6244c8328eb5d1cbd	release-2.3.0	c0f8d1a1e09f209885a88f9c19ceb9d9e9870283	https://archive.apache.org/dist/flink/flink-2.3.0/flink-2.3.0-src.tgz	MatchRecognize	2026-08-07	known-limitation	valid	6bb48899c37141bb1d9b0dbc6eb1c965c07d24ea28af7dfcf7418411cc68f8ae	Parser-calcite-1.36.0.jj:3020 (MatchRecognize) ({- -} PatternExclude known-limitation)	3062-3346	strict+editor
flink-grammar.match-recognize-full	flink	flink-2.3.0	flink-2.3.0	1.36.0	Lex.JAVA,identifierMaxLength=256,conformance=FlinkSqlConformance.DEFAULT	https://archive.apache.org/dist/flink/flink-2.3.0/flink-2.3.0-src.tgz	b189214e5b8b45c3f76bb296550f5ae49f711541d70ce2054787571dcbd026bf539b3b90ac902917523a6e894619c0df93210315f64bd0d6244c8328eb5d1cbd	release-2.3.0	c0f8d1a1e09f209885a88f9c19ceb9d9e9870283	https://archive.apache.org/dist/flink/flink-2.3.0/flink-2.3.0-src.tgz	MatchRecognize	2026-08-07	planner-prerequisite	valid	c7cc98b9552c7abf28b4eb58780b991f93a4711b84b6bb530e95c121c22bc230	Parser-calcite-1.36.0.jj:3020 (MatchRecognize) (full PATTERN/DEFINE/MEASURES/skip/quantifiers (MatchRecognizeTest.scala:60-163))	3062-3346	strict+editor
flink-grammar.match-recognize-incomplete	flink	flink-2.3.0	flink-2.3.0	1.36.0	Lex.JAVA,identifierMaxLength=256,conformance=FlinkSqlConformance.DEFAULT	https://archive.apache.org/dist/flink/flink-2.3.0/flink-2.3.0-src.tgz	b189214e5b8b45c3f76bb296550f5ae49f711541d70ce2054787571dcbd026bf539b3b90ac902917523a6e894619c0df93210315f64bd0d6244c8328eb5d1cbd	release-2.3.0	c0f8d1a1e09f209885a88f9c19ceb9d9e9870283	https://archive.apache.org/dist/flink/flink-2.3.0/flink-2.3.0-src.tgz	MatchRecognize	2026-08-07	recovery	recovered	af32aae0a04b4d74fd0240a45683539e39342a113363fedcddd904e8846a3403	Parser-calcite-1.36.0.jj:3020 (MatchRecognize) (incomplete: unclosed PATTERN (A (CST-01))	3062-3346	strict+editor
flink-grammar.match-recognize-measures-time	flink	flink-2.3.0	flink-2.3.0	1.36.0	Lex.JAVA,identifierMaxLength=256,conformance=FlinkSqlConformance.DEFAULT	https://archive.apache.org/dist/flink/flink-2.3.0/flink-2.3.0-src.tgz	b189214e5b8b45c3f76bb296550f5ae49f711541d70ce2054787571dcbd026bf539b3b90ac902917523a6e894619c0df93210315f64bd0d6244c8328eb5d1cbd	release-2.3.0	c0f8d1a1e09f209885a88f9c19ceb9d9e9870283	https://archive.apache.org/dist/flink/flink-2.3.0/flink-2.3.0-src.tgz	MatchRecognize	2026-08-07	planner-prerequisite	valid	c6f6d1993537eb3b9d87aa4ee8b00781703f54d84b4de6939a4e0a6995a44acf	Parser-calcite-1.36.0.jj:3020 (MatchRecognize) (MATCH_ROWTIME()/MATCH_PROCTIME() measures)	3062-3346	strict+editor
flink-grammar.match-recognize-missing-define	flink	flink-2.3.0	flink-2.3.0	1.36.0	Lex.JAVA,identifierMaxLength=256,conformance=FlinkSqlConformance.DEFAULT	https://archive.apache.org/dist/flink/flink-2.3.0/flink-2.3.0-src.tgz	b189214e5b8b45c3f76bb296550f5ae49f711541d70ce2054787571dcbd026bf539b3b90ac902917523a6e894619c0df93210315f64bd0d6244c8328eb5d1cbd	release-2.3.0	c0f8d1a1e09f209885a88f9c19ceb9d9e9870283	https://archive.apache.org/dist/flink/flink-2.3.0/flink-2.3.0-src.tgz	MatchRecognize	2026-08-07	negative	error	0e3fee8b5399c098e2da5204ebc71c4fbbfed0ece1a27f56e5d8de758d54908c	Parser-calcite-1.36.0.jj:3020 (MatchRecognize) (negative: PATTERN (A) missing DEFINE)	3062-3346	strict+editor
flink-grammar.match-recognize-missing-define-expr	flink	flink-2.3.0	flink-2.3.0	1.36.0	Lex.JAVA,identifierMaxLength=256,conformance=FlinkSqlConformance.DEFAULT	https://archive.apache.org/dist/flink/flink-2.3.0/flink-2.3.0-src.tgz	b189214e5b8b45c3f76bb296550f5ae49f711541d70ce2054787571dcbd026bf539b3b90ac902917523a6e894619c0df93210315f64bd0d6244c8328eb5d1cbd	release-2.3.0	c0f8d1a1e09f209885a88f9c19ceb9d9e9870283	https://archive.apache.org/dist/flink/flink-2.3.0/flink-2.3.0-src.tgz	MatchRecognize	2026-08-07	negative	error	546e5623766fe40cf6618533199d69f070084e1c2921154a4dc3ca9933528ef3	Parser-calcite-1.36.0.jj:3020 (MatchRecognize) (negative: DEFINE A AS missing expr)	3062-3346	strict+editor
flink-grammar.match-recognize-permute	flink	flink-2.3.0	flink-2.3.0	1.36.0	Lex.JAVA,identifierMaxLength=256,conformance=FlinkSqlConformance.DEFAULT	https://archive.apache.org/dist/flink/flink-2.3.0/flink-2.3.0-src.tgz	b189214e5b8b45c3f76bb296550f5ae49f711541d70ce2054787571dcbd026bf539b3b90ac902917523a6e894619c0df93210315f64bd0d6244c8328eb5d1cbd	release-2.3.0	c0f8d1a1e09f209885a88f9c19ceb9d9e9870283	https://archive.apache.org/dist/flink/flink-2.3.0/flink-2.3.0-src.tgz	MatchRecognize	2026-08-07	known-limitation	valid	17d4979c8637d101c4b7983bbff16d871e0081c8a66c391c63bde2bfb7249e46	Parser-calcite-1.36.0.jj:3020 (MatchRecognize) (PERMUTE known-limitation (structural))	3062-3346	strict+editor
flink-grammar.match-recognize-recovery	flink	flink-2.3.0	flink-2.3.0	1.36.0	Lex.JAVA,identifierMaxLength=256,conformance=FlinkSqlConformance.DEFAULT	https://archive.apache.org/dist/flink/flink-2.3.0/flink-2.3.0-src.tgz	b189214e5b8b45c3f76bb296550f5ae49f711541d70ce2054787571dcbd026bf539b3b90ac902917523a6e894619c0df93210315f64bd0d6244c8328eb5d1cbd	release-2.3.0	c0f8d1a1e09f209885a88f9c19ceb9d9e9870283	https://archive.apache.org/dist/flink/flink-2.3.0/flink-2.3.0-src.tgz	MatchRecognize	2026-08-07	recovery	recovered	88dea17b451dea1df6827be80db5f5f0d15afcdd53f53ae9d7d99f8a53c558df	Parser-calcite-1.36.0.jj:3020 (MatchRecognize) (recovery: unclosed MR + trailing SELECT own statement (T-11-24))	3062-3346	strict+editor
flink-grammar.match-recognize-skip-last	flink	flink-2.3.0	flink-2.3.0	1.36.0	Lex.JAVA,identifierMaxLength=256,conformance=FlinkSqlConformance.DEFAULT	https://archive.apache.org/dist/flink/flink-2.3.0/flink-2.3.0-src.tgz	b189214e5b8b45c3f76bb296550f5ae49f711541d70ce2054787571dcbd026bf539b3b90ac902917523a6e894619c0df93210315f64bd0d6244c8328eb5d1cbd	release-2.3.0	c0f8d1a1e09f209885a88f9c19ceb9d9e9870283	https://archive.apache.org/dist/flink/flink-2.3.0/flink-2.3.0-src.tgz	MatchRecognize	2026-08-07	planner-prerequisite	valid	9a58d4a1f0453783ae6898268b39316a9233e17e3808d726f0e4b8ce26122f96	Parser-calcite-1.36.0.jj:3020 (MatchRecognize) (AFTER MATCH SKIP PAST LAST ROW)	3062-3346	strict+editor
flink-grammar.match-recognize-subset	flink	flink-2.3.0	flink-2.3.0	1.36.0	Lex.JAVA,identifierMaxLength=256,conformance=FlinkSqlConformance.DEFAULT	https://archive.apache.org/dist/flink/flink-2.3.0/flink-2.3.0-src.tgz	b189214e5b8b45c3f76bb296550f5ae49f711541d70ce2054787571dcbd026bf539b3b90ac902917523a6e894619c0df93210315f64bd0d6244c8328eb5d1cbd	release-2.3.0	c0f8d1a1e09f209885a88f9c19ceb9d9e9870283	https://archive.apache.org/dist/flink/flink-2.3.0/flink-2.3.0-src.tgz	MatchRecognize	2026-08-07	known-limitation	valid	d7218cfda8dffee7a636730adb71c5de9afec81441bc01344ced5c0772c1e5b0	Parser-calcite-1.36.0.jj:3020 (MatchRecognize) (SUBSET known-limitation (structural))	3062-3346	strict+editor
flink-grammar.match-recognize-within-interval	flink	flink-2.3.0	flink-2.3.0	1.36.0	Lex.JAVA,identifierMaxLength=256,conformance=FlinkSqlConformance.DEFAULT	https://archive.apache.org/dist/flink/flink-2.3.0/flink-2.3.0-src.tgz	b189214e5b8b45c3f76bb296550f5ae49f711541d70ce2054787571dcbd026bf539b3b90ac902917523a6e894619c0df93210315f64bd0d6244c8328eb5d1cbd	release-2.3.0	c0f8d1a1e09f209885a88f9c19ceb9d9e9870283	https://archive.apache.org/dist/flink/flink-2.3.0/flink-2.3.0-src.tgz	MatchRecognize	2026-08-07	planner-prerequisite	valid	aa7baaf0f8849104968c624e947a5a6fd55a078520ddaca03e42747938f83e57	Parser-calcite-1.36.0.jj:3020 (MatchRecognize) (WITHIN INTERVAL literal)	3062-3346	strict+editor
flink-grammar.named-arg	flink	flink-2.3.0	flink-2.3.0	1.36.0	Lex.JAVA,identifierMaxLength=256,conformance=FlinkSqlConformance.DEFAULT	https://archive.apache.org/dist/flink/flink-2.3.0/flink-2.3.0-src.tgz	b189214e5b8b45c3f76bb296550f5ae49f711541d70ce2054787571dcbd026bf539b3b90ac902917523a6e894619c0df93210315f64bd0d6244c8328eb5d1cbd	release-2.3.0	c0f8d1a1e09f209885a88f9c19ceb9d9e9870283	https://archive.apache.org/dist/flink/flink-2.3.0/flink-2.3.0-src.tgz	NAMED_ARGUMENT_ASSIGNMENT	2026-08-07	positive	valid	e88bddb39ee03f40452354f5f5b589cd20eb1bd17a2d5e403b89b18999cc9772	Parser-calcite-1.36.0.jj:8794 (NAMED_ARGUMENT_ASSIGNMENT)	8794	strict+editor
flink-grammar.reset-option	flink	flink-2.3.0	flink-2.3.0	1.36.0	Lex.JAVA,identifierMaxLength=256,conformance=FlinkSqlConformance.DEFAULT	https://archive.apache.org/dist/flink/flink-2.3.0/flink-2.3.0-src.tgz	b189214e5b8b45c3f76bb296550f5ae49f711541d70ce2054787571dcbd026bf539b3b90ac902917523a6e894619c0df93210315f64bd0d6244c8328eb5d1cbd	release-2.3.0	c0f8d1a1e09f209885a88f9c19ceb9d9e9870283	https://archive.apache.org/dist/flink/flink-2.3.0/flink-2.3.0-src.tgz	SqlReset	2026-08-07	positive	valid	6a5293b5353ad7765170895d08a53549deff3614dd81914307d8adad4a473fc9	parserImpls.ftl:3294-3333 (SqlReset)	3294-3333	strict+editor
flink-grammar.row-ctor	flink	flink-2.3.0	flink-2.3.0	1.36.0	Lex.JAVA,identifierMaxLength=256,conformance=FlinkSqlConformance.DEFAULT	https://archive.apache.org/dist/flink/flink-2.3.0/flink-2.3.0-src.tgz	b189214e5b8b45c3f76bb296550f5ae49f711541d70ce2054787571dcbd026bf539b3b90ac902917523a6e894619c0df93210315f64bd0d6244c8328eb5d1cbd	release-2.3.0	c0f8d1a1e09f209885a88f9c19ceb9d9e9870283	https://archive.apache.org/dist/flink/flink-2.3.0/flink-2.3.0-src.tgz	SqlRow	2026-08-07	positive	valid	fbb898605a09481006608055134e3dd0407ace40574df633f1f7dc3f5f2ede4c	Parser-calcite-1.36.0.jj (SqlRow)	7779	strict+editor
flink-grammar.select-cte-join-agg	flink	flink-2.3.0	flink-2.3.0	1.36.0	Lex.JAVA,identifierMaxLength=256,conformance=FlinkSqlConformance.DEFAULT	https://archive.apache.org/dist/flink/flink-2.3.0/flink-2.3.0-src.tgz	b189214e5b8b45c3f76bb296550f5ae49f711541d70ce2054787571dcbd026bf539b3b90ac902917523a6e894619c0df93210315f64bd0d6244c8328eb5d1cbd	release-2.3.0	c0f8d1a1e09f209885a88f9c19ceb9d9e9870283	https://archive.apache.org/dist/flink/flink-2.3.0/flink-2.3.0-src.tgz	QueryOrExpr/WithList	2026-08-07	positive	valid	46c73596f671a44e66bd0d79d1cf67b3d58c55c972673ab17c75d0e01981cfe0	Parser-calcite-1.36.0.jj:3395 (QueryOrExpr/WithList)	3395-3406	strict+editor
flink-grammar.select-incomplete	flink	flink-2.3.0	flink-2.3.0	1.36.0	Lex.JAVA,identifierMaxLength=256,conformance=FlinkSqlConformance.DEFAULT	https://archive.apache.org/dist/flink/flink-2.3.0/flink-2.3.0-src.tgz	b189214e5b8b45c3f76bb296550f5ae49f711541d70ce2054787571dcbd026bf539b3b90ac902917523a6e894619c0df93210315f64bd0d6244c8328eb5d1cbd	release-2.3.0	c0f8d1a1e09f209885a88f9c19ceb9d9e9870283	https://archive.apache.org/dist/flink/flink-2.3.0/flink-2.3.0-src.tgz	QueryOrExpr	2026-08-07	recovery	recovered	c18b22e900330ba124d5b67842c4795bc915d3a200e8444b5c60a5e0ab24c820	Parser-calcite-1.36.0.jj:3395 (QueryOrExpr)	3395-3406	strict+editor
flink-grammar.set-except	flink	flink-2.3.0	flink-2.3.0	1.36.0	Lex.JAVA,identifierMaxLength=256,conformance=FlinkSqlConformance.DEFAULT	https://archive.apache.org/dist/flink/flink-2.3.0/flink-2.3.0-src.tgz	b189214e5b8b45c3f76bb296550f5ae49f711541d70ce2054787571dcbd026bf539b3b90ac902917523a6e894619c0df93210315f64bd0d6244c8328eb5d1cbd	release-2.3.0	c0f8d1a1e09f209885a88f9c19ceb9d9e9870283	https://archive.apache.org/dist/flink/flink-2.3.0/flink-2.3.0-src.tgz	QueryOrExpr/CompoundQuery	2026-08-07	positive	valid	c9718811bcd99264dde07425fbdd748c62d8f485841c0a3eac9d831aba1dff39	Parser-calcite-1.36.0.jj:3395 (QueryOrExpr/CompoundQuery)	3395-3406	strict+editor
flink-grammar.set-except-all	flink	flink-2.3.0	flink-2.3.0	1.36.0	Lex.JAVA,identifierMaxLength=256,conformance=FlinkSqlConformance.DEFAULT	https://archive.apache.org/dist/flink/flink-2.3.0/flink-2.3.0-src.tgz	b189214e5b8b45c3f76bb296550f5ae49f711541d70ce2054787571dcbd026bf539b3b90ac902917523a6e894619c0df93210315f64bd0d6244c8328eb5d1cbd	release-2.3.0	c0f8d1a1e09f209885a88f9c19ceb9d9e9870283	https://archive.apache.org/dist/flink/flink-2.3.0/flink-2.3.0-src.tgz	QueryOrExpr/CompoundQuery	2026-08-07	positive	valid	a92f17cda08cf58a591f38fd9c868d3766f2ee9ace510e38abd5bf7b6452ec45	Parser-calcite-1.36.0.jj:3395 (QueryOrExpr/CompoundQuery)	3395-3406	strict+editor
flink-grammar.set-intersect	flink	flink-2.3.0	flink-2.3.0	1.36.0	Lex.JAVA,identifierMaxLength=256,conformance=FlinkSqlConformance.DEFAULT	https://archive.apache.org/dist/flink/flink-2.3.0/flink-2.3.0-src.tgz	b189214e5b8b45c3f76bb296550f5ae49f711541d70ce2054787571dcbd026bf539b3b90ac902917523a6e894619c0df93210315f64bd0d6244c8328eb5d1cbd	release-2.3.0	c0f8d1a1e09f209885a88f9c19ceb9d9e9870283	https://archive.apache.org/dist/flink/flink-2.3.0/flink-2.3.0-src.tgz	QueryOrExpr/CompoundQuery	2026-08-07	positive	valid	ca07acf03996e2480d719a75a90b6a57b2dd2c49f71e027772c3a2ab67b7450b	Parser-calcite-1.36.0.jj:3395 (QueryOrExpr/CompoundQuery)	3395-3406	strict+editor
flink-grammar.set-intersect-all	flink	flink-2.3.0	flink-2.3.0	1.36.0	Lex.JAVA,identifierMaxLength=256,conformance=FlinkSqlConformance.DEFAULT	https://archive.apache.org/dist/flink/flink-2.3.0/flink-2.3.0-src.tgz	b189214e5b8b45c3f76bb296550f5ae49f711541d70ce2054787571dcbd026bf539b3b90ac902917523a6e894619c0df93210315f64bd0d6244c8328eb5d1cbd	release-2.3.0	c0f8d1a1e09f209885a88f9c19ceb9d9e9870283	https://archive.apache.org/dist/flink/flink-2.3.0/flink-2.3.0-src.tgz	QueryOrExpr/CompoundQuery	2026-08-07	positive	valid	df72e43fc7367feae7b7271104d496f199221f200bc16ce7849456b743213a7a	Parser-calcite-1.36.0.jj:3395 (QueryOrExpr/CompoundQuery)	3395-3406	strict+editor
flink-grammar.set-option	flink	flink-2.3.0	flink-2.3.0	1.36.0	Lex.JAVA,identifierMaxLength=256,conformance=FlinkSqlConformance.DEFAULT	https://archive.apache.org/dist/flink/flink-2.3.0/flink-2.3.0-src.tgz	b189214e5b8b45c3f76bb296550f5ae49f711541d70ce2054787571dcbd026bf539b3b90ac902917523a6e894619c0df93210315f64bd0d6244c8328eb5d1cbd	release-2.3.0	c0f8d1a1e09f209885a88f9c19ceb9d9e9870283	https://archive.apache.org/dist/flink/flink-2.3.0/flink-2.3.0-src.tgz	SqlSetOption	2026-08-07	positive	valid	bb093b4d30aa06813e3dcd4781e594d36d764d59909d3d5f1e00130d01c75b88	parserImpls.ftl:3294-3333 (SqlSetOption)	3294-3333	strict+editor
flink-grammar.set-union-all	flink	flink-2.3.0	flink-2.3.0	1.36.0	Lex.JAVA,identifierMaxLength=256,conformance=FlinkSqlConformance.DEFAULT	https://archive.apache.org/dist/flink/flink-2.3.0/flink-2.3.0-src.tgz	b189214e5b8b45c3f76bb296550f5ae49f711541d70ce2054787571dcbd026bf539b3b90ac902917523a6e894619c0df93210315f64bd0d6244c8328eb5d1cbd	release-2.3.0	c0f8d1a1e09f209885a88f9c19ceb9d9e9870283	https://archive.apache.org/dist/flink/flink-2.3.0/flink-2.3.0-src.tgz	QueryOrExpr/CompoundQuery	2026-08-07	positive	valid	27a8ebc066f6c4b2e736b9eff343a9e13c73317936e2e850ac5dc8881176f7bd	Parser-calcite-1.36.0.jj:3395 (QueryOrExpr/CompoundQuery)	3395-3406	strict+editor
flink-grammar.show-catalogs	flink	flink-2.3.0	flink-2.3.0	1.36.0	Lex.JAVA,identifierMaxLength=256,conformance=FlinkSqlConformance.DEFAULT	https://archive.apache.org/dist/flink/flink-2.3.0/flink-2.3.0-src.tgz	b189214e5b8b45c3f76bb296550f5ae49f711541d70ce2054787571dcbd026bf539b3b90ac902917523a6e894619c0df93210315f64bd0d6244c8328eb5d1cbd	release-2.3.0	c0f8d1a1e09f209885a88f9c19ceb9d9e9870283	https://archive.apache.org/dist/flink/flink-2.3.0/flink-2.3.0-src.tgz	SqlShowCatalogs, Parser.tdd:651-727	2026-08-07	positive	valid	6b467e8eacc94d36d2ca8681c5f098a3d80fd527c9bed14f92b3e78c29adc054	parserImpls.ftl (SqlShowCatalogs, Parser.tdd:651-727)	651-727	strict+editor
flink-grammar.show-negative	flink	flink-2.3.0	flink-2.3.0	1.36.0	Lex.JAVA,identifierMaxLength=256,conformance=FlinkSqlConformance.DEFAULT	https://archive.apache.org/dist/flink/flink-2.3.0/flink-2.3.0-src.tgz	b189214e5b8b45c3f76bb296550f5ae49f711541d70ce2054787571dcbd026bf539b3b90ac902917523a6e894619c0df93210315f64bd0d6244c8328eb5d1cbd	release-2.3.0	c0f8d1a1e09f209885a88f9c19ceb9d9e9870283	https://archive.apache.org/dist/flink/flink-2.3.0/flink-2.3.0-src.tgz	SqlShowTables 674-714	2026-08-07	negative	error	b2b4a85ad8c90fa31d5725c50ca75125f96d6c9bb7676fc048b6cc46e9646662	parserImpls.ftl (SqlShowTables 674-714)	674-714	strict+editor
flink-grammar.show-tables-from-like	flink	flink-2.3.0	flink-2.3.0	1.36.0	Lex.JAVA,identifierMaxLength=256,conformance=FlinkSqlConformance.DEFAULT	https://archive.apache.org/dist/flink/flink-2.3.0/flink-2.3.0-src.tgz	b189214e5b8b45c3f76bb296550f5ae49f711541d70ce2054787571dcbd026bf539b3b90ac902917523a6e894619c0df93210315f64bd0d6244c8328eb5d1cbd	release-2.3.0	c0f8d1a1e09f209885a88f9c19ceb9d9e9870283	https://archive.apache.org/dist/flink/flink-2.3.0/flink-2.3.0-src.tgz	SqlShowTables 674-714, SqlShow* family	2026-08-07	positive	valid	1c47fa9dfc3d838d60a3ca7485f2e8445ab99166470638a19b92ae9a229cbe23	parserImpls.ftl (SqlShowTables 674-714, SqlShow* family)	674-714	strict+editor
flink-grammar.tvf-cumulate	flink	flink-2.3.0	flink-2.3.0	1.36.0	Lex.JAVA,identifierMaxLength=256,conformance=FlinkSqlConformance.DEFAULT	https://archive.apache.org/dist/flink/flink-2.3.0/flink-2.3.0-src.tgz	b189214e5b8b45c3f76bb296550f5ae49f711541d70ce2054787571dcbd026bf539b3b90ac902917523a6e894619c0df93210315f64bd0d6244c8328eb5d1cbd	release-2.3.0	c0f8d1a1e09f209885a88f9c19ceb9d9e9870283	https://archive.apache.org/dist/flink/flink-2.3.0/flink-2.3.0-src.tgz	TableFunctionCall	2026-08-07	planner-prerequisite	valid	19bc8cba99c39a81225b1ffdaaefeb9b1ed138e215e55407590de57c5c9b349f	Parser-calcite-1.36.0.jj:2391 (TableFunctionCall) (CUMULATE (no keyword token, generic identifier path))	2443-2460	strict+editor
flink-grammar.tvf-hop-four-arg	flink	flink-2.3.0	flink-2.3.0	1.36.0	Lex.JAVA,identifierMaxLength=256,conformance=FlinkSqlConformance.DEFAULT	https://archive.apache.org/dist/flink/flink-2.3.0/flink-2.3.0-src.tgz	b189214e5b8b45c3f76bb296550f5ae49f711541d70ce2054787571dcbd026bf539b3b90ac902917523a6e894619c0df93210315f64bd0d6244c8328eb5d1cbd	release-2.3.0	c0f8d1a1e09f209885a88f9c19ceb9d9e9870283	https://archive.apache.org/dist/flink/flink-2.3.0/flink-2.3.0-src.tgz	TableFunctionCall	2026-08-07	planner-prerequisite	valid	a17371b2ba8d76fcdb2d4bbddcd026421016f894c3581a3d8097091032b452b0	Parser-calcite-1.36.0.jj:2391 (TableFunctionCall) (HOP four-argument slide+size form)	2443-2460	strict+editor
flink-grammar.tvf-incomplete-interval	flink	flink-2.3.0	flink-2.3.0	1.36.0	Lex.JAVA,identifierMaxLength=256,conformance=FlinkSqlConformance.DEFAULT	https://archive.apache.org/dist/flink/flink-2.3.0/flink-2.3.0-src.tgz	b189214e5b8b45c3f76bb296550f5ae49f711541d70ce2054787571dcbd026bf539b3b90ac902917523a6e894619c0df93210315f64bd0d6244c8328eb5d1cbd	release-2.3.0	c0f8d1a1e09f209885a88f9c19ceb9d9e9870283	https://archive.apache.org/dist/flink/flink-2.3.0/flink-2.3.0-src.tgz	TableFunctionCall	2026-08-07	recovery	recovered	9ccad4506fa16b1b4517763a63df7a71e2935f2cb87ef65703f151183f864714	Parser-calcite-1.36.0.jj:2391 (TableFunctionCall) (incomplete: truncated INTERVAL literal (CST-01))	2443-2460	strict+editor
flink-grammar.tvf-missing-descriptor-size	flink	flink-2.3.0	flink-2.3.0	1.36.0	Lex.JAVA,identifierMaxLength=256,conformance=FlinkSqlConformance.DEFAULT	https://archive.apache.org/dist/flink/flink-2.3.0/flink-2.3.0-src.tgz	b189214e5b8b45c3f76bb296550f5ae49f711541d70ce2054787571dcbd026bf539b3b90ac902917523a6e894619c0df93210315f64bd0d6244c8328eb5d1cbd	release-2.3.0	c0f8d1a1e09f209885a88f9c19ceb9d9e9870283	https://archive.apache.org/dist/flink/flink-2.3.0/flink-2.3.0-src.tgz	TableFunctionCall	2026-08-07	negative	error	554b1b371b3bd05fbad866e8b897aa5a7ac1548b6f50ba50411c2dec02482cb1	Parser-calcite-1.36.0.jj:2391 (TableFunctionCall) (negative: too-short TUMBLE(TABLE T1))	2443-2460	strict+editor
flink-grammar.tvf-missing-table	flink	flink-2.3.0	flink-2.3.0	1.36.0	Lex.JAVA,identifierMaxLength=256,conformance=FlinkSqlConformance.DEFAULT	https://archive.apache.org/dist/flink/flink-2.3.0/flink-2.3.0-src.tgz	b189214e5b8b45c3f76bb296550f5ae49f711541d70ce2054787571dcbd026bf539b3b90ac902917523a6e894619c0df93210315f64bd0d6244c8328eb5d1cbd	release-2.3.0	c0f8d1a1e09f209885a88f9c19ceb9d9e9870283	https://archive.apache.org/dist/flink/flink-2.3.0/flink-2.3.0-src.tgz	TableFunctionCall	2026-08-07	negative	error	ec123d0393d8a843beb72b4a343af67e7301495d0675a96f6581c3d8631d70ff	Parser-calcite-1.36.0.jj:2391 (TableFunctionCall) (negative: first argument not TABLE ref (probe FLINK-05 empty))	2443-2460	strict+editor
flink-grammar.tvf-named-arg	flink	flink-2.3.0	flink-2.3.0	1.36.0	Lex.JAVA,identifierMaxLength=256,conformance=FlinkSqlConformance.DEFAULT	https://archive.apache.org/dist/flink/flink-2.3.0/flink-2.3.0-src.tgz	b189214e5b8b45c3f76bb296550f5ae49f711541d70ce2054787571dcbd026bf539b3b90ac902917523a6e894619c0df93210315f64bd0d6244c8328eb5d1cbd	release-2.3.0	c0f8d1a1e09f209885a88f9c19ceb9d9e9870283	https://archive.apache.org/dist/flink/flink-2.3.0/flink-2.3.0-src.tgz	TableFunctionCall	2026-08-07	planner-prerequisite	valid	714bd3aa952893208cc5045fd8ca95a348af4864bb06285e579422571b9a5a8d	Parser-calcite-1.36.0.jj:2391 (TableFunctionCall) (named-argument => TVF (Parser.jj:8794 NAMED_ARGUMENT_ASSIGNMENT))	2443-2460	strict+editor
flink-grammar.tvf-offset-interval	flink	flink-2.3.0	flink-2.3.0	1.36.0	Lex.JAVA,identifierMaxLength=256,conformance=FlinkSqlConformance.DEFAULT	https://archive.apache.org/dist/flink/flink-2.3.0/flink-2.3.0-src.tgz	b189214e5b8b45c3f76bb296550f5ae49f711541d70ce2054787571dcbd026bf539b3b90ac902917523a6e894619c0df93210315f64bd0d6244c8328eb5d1cbd	release-2.3.0	c0f8d1a1e09f209885a88f9c19ceb9d9e9870283	https://archive.apache.org/dist/flink/flink-2.3.0/flink-2.3.0-src.tgz	TableFunctionCall	2026-08-07	planner-prerequisite	valid	9be31344f9816368f3ac7023b68f0c2a21ef93d5f3aa0b221525f40fd221a11b	Parser-calcite-1.36.0.jj:2391 (TableFunctionCall) (negative offset INTERVAL '-8' HOUR known-limitation)	2443-2460	strict+editor
flink-grammar.tvf-recovery	flink	flink-2.3.0	flink-2.3.0	1.36.0	Lex.JAVA,identifierMaxLength=256,conformance=FlinkSqlConformance.DEFAULT	https://archive.apache.org/dist/flink/flink-2.3.0/flink-2.3.0-src.tgz	b189214e5b8b45c3f76bb296550f5ae49f711541d70ce2054787571dcbd026bf539b3b90ac902917523a6e894619c0df93210315f64bd0d6244c8328eb5d1cbd	release-2.3.0	c0f8d1a1e09f209885a88f9c19ceb9d9e9870283	https://archive.apache.org/dist/flink/flink-2.3.0/flink-2.3.0-src.tgz	TableFunctionCall	2026-08-07	recovery	recovered	1ccad48bc6e1e3411747597f37953c831102074789e50d9034669a9bd29ca779	Parser-calcite-1.36.0.jj:2391 (TableFunctionCall) (recovery: unclosed TVF recovers at ';' (trailing SELECT own statement))	2443-2460	strict+editor
flink-grammar.tvf-session	flink	flink-2.3.0	flink-2.3.0	1.36.0	Lex.JAVA,identifierMaxLength=256,conformance=FlinkSqlConformance.DEFAULT	https://archive.apache.org/dist/flink/flink-2.3.0/flink-2.3.0-src.tgz	b189214e5b8b45c3f76bb296550f5ae49f711541d70ce2054787571dcbd026bf539b3b90ac902917523a6e894619c0df93210315f64bd0d6244c8328eb5d1cbd	release-2.3.0	c0f8d1a1e09f209885a88f9c19ceb9d9e9870283	https://archive.apache.org/dist/flink/flink-2.3.0/flink-2.3.0-src.tgz	TableFunctionCall	2026-08-07	planner-prerequisite	valid	5b5ed2ce371c7041db5300077c98c758bc3563e353bddaa2bdcd3dc1290bf704	Parser-calcite-1.36.0.jj:2391 (TableFunctionCall) (SESSION (non-reserved, Parser.tdd:509))	2443-2460	strict+editor
flink-grammar.tvf-table-wrapper	flink	flink-2.3.0	flink-2.3.0	1.36.0	Lex.JAVA,identifierMaxLength=256,conformance=FlinkSqlConformance.DEFAULT	https://archive.apache.org/dist/flink/flink-2.3.0/flink-2.3.0-src.tgz	b189214e5b8b45c3f76bb296550f5ae49f711541d70ce2054787571dcbd026bf539b3b90ac902917523a6e894619c0df93210315f64bd0d6244c8328eb5d1cbd	release-2.3.0	c0f8d1a1e09f209885a88f9c19ceb9d9e9870283	https://archive.apache.org/dist/flink/flink-2.3.0/flink-2.3.0-src.tgz	TableFunctionCall	2026-08-07	planner-prerequisite	valid	f8e4a8740d8e3406cd1338eb5f9ee6a08716133ac9e6c03bcee590d20cd90382	Parser-calcite-1.36.0.jj:2391 (TableFunctionCall) (explicit TABLE(TUMBLE(...)) wrapper (MatchRecognizeTest.scala:141-148))	2443-2460	strict+editor
flink-grammar.tvf-tumble-day	flink	flink-2.3.0	flink-2.3.0	1.36.0	Lex.JAVA,identifierMaxLength=256,conformance=FlinkSqlConformance.DEFAULT	https://archive.apache.org/dist/flink/flink-2.3.0/flink-2.3.0-src.tgz	b189214e5b8b45c3f76bb296550f5ae49f711541d70ce2054787571dcbd026bf539b3b90ac902917523a6e894619c0df93210315f64bd0d6244c8328eb5d1cbd	release-2.3.0	c0f8d1a1e09f209885a88f9c19ceb9d9e9870283	https://archive.apache.org/dist/flink/flink-2.3.0/flink-2.3.0-src.tgz	TableFunctionCall	2026-08-07	planner-prerequisite	valid	0872ed38f115f585e1964f42486baaf74da557e303dc7c7a0a761b072ee9aa45	Parser-calcite-1.36.0.jj:2391 (TableFunctionCall) (TUMBLE TVF + window_start/window_end output cols (WindowAggregateITCase.scala:228-263))	2443-2460	strict+editor
flink-grammar.update-comment	flink	flink-2.3.0	flink-2.3.0	1.36.0	Lex.JAVA,identifierMaxLength=256,conformance=FlinkSqlConformance.DEFAULT	https://archive.apache.org/dist/flink/flink-2.3.0/flink-2.3.0-src.tgz	b189214e5b8b45c3f76bb296550f5ae49f711541d70ce2054787571dcbd026bf539b3b90ac902917523a6e894619c0df93210315f64bd0d6244c8328eb5d1cbd	release-2.3.0	c0f8d1a1e09f209885a88f9c19ceb9d9e9870283	https://archive.apache.org/dist/flink/flink-2.3.0/flink-2.3.0-src.tgz	Doris-only UPDATE COMMENT	2026-08-07	negative	error	0bb44428e2bea8acede0a9be95f608b053732ddc4633024e12bf0e50f4f1a66f	D-04 gate: Doris-only UPDATE COMMENT (parser.mbt parse_update)	009	strict+editor
flink-grammar.update-incomplete	flink	flink-2.3.0	flink-2.3.0	1.36.0	Lex.JAVA,identifierMaxLength=256,conformance=FlinkSqlConformance.DEFAULT	https://archive.apache.org/dist/flink/flink-2.3.0/flink-2.3.0-src.tgz	b189214e5b8b45c3f76bb296550f5ae49f711541d70ce2054787571dcbd026bf539b3b90ac902917523a6e894619c0df93210315f64bd0d6244c8328eb5d1cbd	release-2.3.0	c0f8d1a1e09f209885a88f9c19ceb9d9e9870283	https://archive.apache.org/dist/flink/flink-2.3.0/flink-2.3.0-src.tgz	SqlUpdate SET	2026-08-07	recovery	recovered	f42ce52a66364b915dadae22c5c92c4835612939508ee064580d8acae98ab109	Parser-calcite-1.36.0.jj:1794-1832 (SqlUpdate SET)	1794-1832	strict+editor
flink-grammar.update-recovery	flink	flink-2.3.0	flink-2.3.0	1.36.0	Lex.JAVA,identifierMaxLength=256,conformance=FlinkSqlConformance.DEFAULT	https://archive.apache.org/dist/flink/flink-2.3.0/flink-2.3.0-src.tgz	b189214e5b8b45c3f76bb296550f5ae49f711541d70ce2054787571dcbd026bf539b3b90ac902917523a6e894619c0df93210315f64bd0d6244c8328eb5d1cbd	release-2.3.0	c0f8d1a1e09f209885a88f9c19ceb9d9e9870283	https://archive.apache.org/dist/flink/flink-2.3.0/flink-2.3.0-src.tgz	SqlUpdate	2026-08-07	recovery	recovered	b315e8e2054153a4978dd333561fb2dcb0c379a9f50666db423f131aaa434f97	Parser-calcite-1.36.0.jj:1794-1832 (SqlUpdate)	1794-1832	strict+editor
flink-grammar.update-where	flink	flink-2.3.0	flink-2.3.0	1.36.0	Lex.JAVA,identifierMaxLength=256,conformance=FlinkSqlConformance.DEFAULT	https://archive.apache.org/dist/flink/flink-2.3.0/flink-2.3.0-src.tgz	b189214e5b8b45c3f76bb296550f5ae49f711541d70ce2054787571dcbd026bf539b3b90ac902917523a6e894619c0df93210315f64bd0d6244c8328eb5d1cbd	release-2.3.0	c0f8d1a1e09f209885a88f9c19ceb9d9e9870283	https://archive.apache.org/dist/flink/flink-2.3.0/flink-2.3.0-src.tgz	SqlUpdate	2026-08-07	positive	valid	17f398b0074cfaf311c4e56932c59474a23bb517da7d1572f4ce961858e585fb	Parser-calcite-1.36.0.jj:1794-1832 (SqlUpdate)	1794-1832	strict+editor
flink-grammar.upsert-into-values	flink	flink-2.3.0	flink-2.3.0	1.36.0	Lex.JAVA,identifierMaxLength=256,conformance=FlinkSqlConformance.DEFAULT	https://archive.apache.org/dist/flink/flink-2.3.0/flink-2.3.0-src.tgz	b189214e5b8b45c3f76bb296550f5ae49f711541d70ce2054787571dcbd026bf539b3b90ac902917523a6e894619c0df93210315f64bd0d6244c8328eb5d1cbd	release-2.3.0	c0f8d1a1e09f209885a88f9c19ceb9d9e9870283	https://archive.apache.org/dist/flink/flink-2.3.0/flink-2.3.0-src.tgz	RichSqlInsert UPSERT	2026-08-07	positive	valid	9dbd9e4693a04f3e5b331ce60bf0ad36f08a99d07f947020099c413b93145a68	parserImpls.ftl:2306-2379 (RichSqlInsert UPSERT)	2306-2379	strict+editor
flink-grammar.use-catalog	flink	flink-2.3.0	flink-2.3.0	1.36.0	Lex.JAVA,identifierMaxLength=256,conformance=FlinkSqlConformance.DEFAULT	https://archive.apache.org/dist/flink/flink-2.3.0/flink-2.3.0-src.tgz	b189214e5b8b45c3f76bb296550f5ae49f711541d70ce2054787571dcbd026bf539b3b90ac902917523a6e894619c0df93210315f64bd0d6244c8328eb5d1cbd	release-2.3.0	c0f8d1a1e09f209885a88f9c19ceb9d9e9870283	https://archive.apache.org/dist/flink/flink-2.3.0/flink-2.3.0-src.tgz	SqlUseCatalog/SqlUseDatabase	2026-08-07	positive	valid	13eef689ee6bb3a812d5c3218e2fe677361d079ca7066c0606b97facfe05fee0	parserImpls.ftl (SqlUseCatalog/SqlUseDatabase)	651-727	strict+editor
flink-grammar.view-recovery	flink	flink-2.3.0	flink-2.3.0	1.36.0	Lex.JAVA,identifierMaxLength=256,conformance=FlinkSqlConformance.DEFAULT	https://archive.apache.org/dist/flink/flink-2.3.0/flink-2.3.0-src.tgz	b189214e5b8b45c3f76bb296550f5ae49f711541d70ce2054787571dcbd026bf539b3b90ac902917523a6e894619c0df93210315f64bd0d6244c8328eb5d1cbd	release-2.3.0	c0f8d1a1e09f209885a88f9c19ceb9d9e9870283	https://archive.apache.org/dist/flink/flink-2.3.0/flink-2.3.0-src.tgz	SqlCreateView AS query + statement boundary	2026-08-07	recovery	recovered	2cec7b3face46036b954d951484e7ef2adfc7c550b74da968645fedf7f362db2	parserImpls.ftl:2414-2439 (SqlCreateView AS query + statement boundary)	2414-2439	strict+editor
flink-lexical.backtick-escape	doris	4.x	4.x	N/A	N/A	N/A	N/A	N/A	N/A	https://doris.apache.org/docs/4.x/sql-manual/	Doris scan_quoted double-escape	2026-08-07	positive	valid	ee9d8ce8b342079d17b4954cd514801d776d180df2713c6ed742be66ffae4d46	Doris scan_quoted doubling	N/A	strict+editor
flink-lexical.backtick-escape	flink	flink-2.3.0	flink-2.3.0	1.36.0	Lex.JAVA,identifierMaxLength=256,conformance=FlinkSqlConformance.DEFAULT	https://archive.apache.org/dist/flink/flink-2.3.0/flink-2.3.0-src.tgz	b189214e5b8b45c3f76bb296550f5ae49f711541d70ce2054787571dcbd026bf539b3b90ac902917523a6e894619c0df93210315f64bd0d6244c8328eb5d1cbd	release-2.3.0	c0f8d1a1e09f209885a88f9c19ceb9d9e9870283	https://archive.apache.org/dist/flink/flink-2.3.0/flink-2.3.0-src.tgz	BTID double-backtick (Parser-calcite-1.36.0.jj:8951-8962)	2026-08-07	positive	valid	ee9d8ce8b342079d17b4954cd514801d776d180df2713c6ed742be66ffae4d46	Parser-calcite-1.36.0.jj:8951-8962 (BTID)	8951-8962	strict+editor
flink-lexical.double-quote	doris	4.x	4.x	N/A	N/A	N/A	N/A	N/A	N/A	https://doris.apache.org/docs/4.x/sql-manual/	Quoted identifier under Doris	2026-08-07	positive	valid	ad4cb87b0c249ebd3e6542285a34d385aa8868aae7ca75b1c6c75f86040f8c24	Doris Quoted identifier (scan_quoted)	N/A	strict+editor
flink-lexical.double-quote	flink	flink-2.3.0	flink-2.3.0	1.36.0	Lex.JAVA,identifierMaxLength=256,conformance=FlinkSqlConformance.DEFAULT	https://archive.apache.org/dist/flink/flink-2.3.0/flink-2.3.0-src.tgz	b189214e5b8b45c3f76bb296550f5ae49f711541d70ce2054787571dcbd026bf539b3b90ac902917523a6e894619c0df93210315f64bd0d6244c8328eb5d1cbd	release-2.3.0	c0f8d1a1e09f209885a88f9c19ceb9d9e9870283	https://archive.apache.org/dist/flink/flink-2.3.0/flink-2.3.0-src.tgz	DOUBLE_QUOTE symbol (Parser-calcite-1.36.0.jj:8797)	2026-08-07	negative	error	ad4cb87b0c249ebd3e6542285a34d385aa8868aae7ca75b1c6c75f86040f8c24	Parser-calcite-1.36.0.jj:8797 (DOUBLE_QUOTE)	8797	strict+editor
flink-lexical.e-literal	doris	4.x	4.x	N/A	N/A	N/A	N/A	N/A	N/A	https://doris.apache.org/docs/4.x/sql-manual/	no E-literal prefix under Doris	2026-08-07	negative	error	153beb94f2b91c8549b1fa407e373951876ff417e15e7dbb575cc22a78d9d65e	Doris no E-literal prefix	N/A	strict+editor
flink-lexical.e-literal	flink	flink-1.20.5	flink-1.20.5	1.32.0	Lex.JAVA,identifierMaxLength=256,conformance=FlinkSqlConformance.DEFAULT	https://archive.apache.org/dist/flink/flink-1.20.5/flink-1.20.5-src.tgz	ce11ae5a81a2ba16d1c5f22e5025a743bccff4f54a3b9836e58956ac98720c73db5a1c4ab7c87436c6fecc2c5dd8dca2514acc29d5e1c36334c41265729e3add	release-1.20.5	0980485040c6dbec3a1b32da05c4b655cf01ad2b	https://archive.apache.org/dist/flink/flink-1.20.5/flink-1.20.5-src.tgz	no E-literal in Calcite 1.32.0 (flink-1.20.5)	2026-08-07	negative	error	153beb94f2b91c8549b1fa407e373951876ff417e15e7dbb575cc22a78d9d65e	absent in Calcite 1.32.0 (no E-literal)	N/A	strict+editor
flink-lexical.e-literal	flink	flink-2.1.3	flink-2.1.3	1.34.0	Lex.JAVA,identifierMaxLength=256,conformance=FlinkSqlConformance.DEFAULT	https://archive.apache.org/dist/flink/flink-2.1.3/flink-2.1.3-src.tgz	a1a35ee35d5d417b7445de1648510060d2c3281f7185eefe4d2fc74b9c77821b89bbc9de55f47dbf2053d20d87fbc4c5d90af9bba4fd9d9c75d0f3ce44d8b3fe	release-2.1.3	6cda56b084d5c337b36d2f8ed464bc92093b0a34	https://archive.apache.org/dist/flink/flink-2.1.3/flink-2.1.3-src.tgz	C_STYLE_ESCAPED_STRING_LITERAL (Parser-calcite-1.34.0.jj:8469)	2026-08-07	positive	valid	153beb94f2b91c8549b1fa407e373951876ff417e15e7dbb575cc22a78d9d65e	Parser-calcite-1.34.0.jj:8469 (C_STYLE_ESCAPED_STRING_LITERAL)	8469	strict+editor
flink-lexical.e-literal	flink	flink-2.3.0	flink-2.3.0	1.36.0	Lex.JAVA,identifierMaxLength=256,conformance=FlinkSqlConformance.DEFAULT	https://archive.apache.org/dist/flink/flink-2.3.0/flink-2.3.0-src.tgz	b189214e5b8b45c3f76bb296550f5ae49f711541d70ce2054787571dcbd026bf539b3b90ac902917523a6e894619c0df93210315f64bd0d6244c8328eb5d1cbd	release-2.3.0	c0f8d1a1e09f209885a88f9c19ceb9d9e9870283	https://archive.apache.org/dist/flink/flink-2.3.0/flink-2.3.0-src.tgz	C_STYLE_ESCAPED_STRING_LITERAL (Parser-calcite-1.36.0.jj:8721)	2026-08-07	positive	valid	153beb94f2b91c8549b1fa407e373951876ff417e15e7dbb575cc22a78d9d65e	Parser-calcite-1.36.0.jj:8721 (C_STYLE_ESCAPED_STRING_LITERAL)	8721	strict+editor
flink-lexical.hash-comment	doris	4.x	4.x	N/A	N/A	N/A	N/A	N/A	N/A	https://doris.apache.org/docs/4.x/sql-manual/	# is a Doris line comment	2026-08-07	negative	error	3117a4b01017145c98ff246e193048104f64790ba89132b78dabee1094ed4c45	Doris # line-comment policy	N/A	strict+editor
flink-lexical.hash-comment	flink	flink-2.3.0	flink-2.3.0	1.36.0	Lex.JAVA,identifierMaxLength=256,conformance=FlinkSqlConformance.DEFAULT	https://archive.apache.org/dist/flink/flink-2.3.0/flink-2.3.0-src.tgz	b189214e5b8b45c3f76bb296550f5ae49f711541d70ce2054787571dcbd026bf539b3b90ac902917523a6e894619c0df93210315f64bd0d6244c8328eb5d1cbd	release-2.3.0	c0f8d1a1e09f209885a88f9c19ceb9d9e9870283	https://archive.apache.org/dist/flink/flink-2.3.0/flink-2.3.0-src.tgz	# is a Flink lexical error (FATHOM-PARSE-003)	2026-08-07	negative	error	3117a4b01017145c98ff246e193048104f64790ba89132b78dabee1094ed4c45	FATHOM-PARSE-003 (# lexical error)	N/A	strict+editor
flink-lexical.slash-comment	doris	4.x	4.x	N/A	N/A	N/A	N/A	N/A	N/A	https://doris.apache.org/docs/4.x/sql-manual/	two SLASH symbols under Doris	2026-08-07	negative	error	7bd638a343171f853357ed92b243eba8408a99c85ec629d44663d54ebf40b8f5	Doris SLASH symbol pair	N/A	strict+editor
flink-lexical.slash-comment	flink	flink-2.3.0	flink-2.3.0	1.36.0	Lex.JAVA,identifierMaxLength=256,conformance=FlinkSqlConformance.DEFAULT	https://archive.apache.org/dist/flink/flink-2.3.0/flink-2.3.0-src.tgz	b189214e5b8b45c3f76bb296550f5ae49f711541d70ce2054787571dcbd026bf539b3b90ac902917523a6e894619c0df93210315f64bd0d6244c8328eb5d1cbd	release-2.3.0	c0f8d1a1e09f209885a88f9c19ceb9d9e9870283	https://archive.apache.org/dist/flink/flink-2.3.0/flink-2.3.0-src.tgz	SINGLE_LINE_COMMENT // (Parser-calcite-1.36.0.jj:8901)	2026-08-07	positive	valid	7bd638a343171f853357ed92b243eba8408a99c85ec629d44663d54ebf40b8f5	Parser-calcite-1.36.0.jj:8901 (SINGLE_LINE_COMMENT)	8901	strict+editor
flink-lexical.unknown-profile	flink	4.x	4.x	N/A	N/A	N/A	N/A	N/A	N/A	https://doris.apache.org/docs/4.x/sql-manual/	Doris-shaped profile id rejected under Flink (FATHOM-SCHEMA-003)	2026-08-07	negative	error	e004ebd5b5532a4b85984a62f8ad48a81aa3460c1ca07701f386135d72cdecf5	FATHOM-SCHEMA-003 (unsupported profile)	N/A	strict+editor
